"athlete","gender","age","sport","gold","silver","bronze","total","id","season","year","country"
"Aristeo Benav√≠dez","Male",25,"Alpine Skiing",0,0,0,0,"aristeo-benavidez-1","winter","1952","Argentina"
"Roberto Jos√© Bordeu","Male",20,"Bobsleigh",0,0,0,0,"roberto-jose-bordeu-1","winter","1952","Argentina"
"Gino de Pellegr√≠n","Male",25,"Alpine Skiing",0,0,0,0,"gino-de-pellegrin-1","winter","1952","Argentina"
"Francisco de Ridder","Male",22,"Alpine Skiing",0,0,0,0,"francisco-de-ridder-1","winter","1952","Argentina"
"Luis de Ridder","Male",23,"Alpine Skiing",0,0,0,0,"luis-de-ridder-1","winter","1952","Argentina"
"Ana Mar√≠a Dellai","Female",22,"Alpine Skiing",0,0,0,0,"ana-maria-dellai-1","winter","1952","Argentina"
"Carlos Eiras","Male",19,"Alpine Skiing",0,0,0,0,"carlos-eiras-1","winter","1952","Argentina"
"Otto Jung","Male",21,"Alpine Skiing",0,0,0,0,"otto-jung-1","winter","1952","Argentina"
"Pablo Rosenkjer","Male",21,"Alpine Skiing",0,0,0,0,"pablo-rosenkjer-1","winter","1952","Argentina"
"Carlos Sareisian","Male",36,"Bobsleigh",0,0,0,0,"carlos-sareisian-1","winter","1952","Argentina"
"Carlos Alberto Tomasi","Male",21,"Bobsleigh",0,0,0,0,"carlos-alberto-tomasi-1","winter","1952","Argentina"
"H√©ctor Tomasi","Male",23,"Bobsleigh",0,0,0,0,"hector-tomasi-1","winter","1952","Argentina"
"Bob Arnott","Male",29,"Alpine Skiing",0,0,0,0,"bob-arnott-1","winter","1952","Australia"
"Nancy Burley","Female",21,"Figure Skating",0,0,0,0,"nancy-burley-1","winter","1952","Australia"
"Bill Day","Male",18,"Alpine Skiing",0,0,0,0,"bill-day-1","winter","1952","Australia"
"Bruce Haslingden","Male",28,"Cross Country Skiing",0,0,0,0,"bruce-haslingden-1","winter","1952","Australia"
"Colin Hickey","Male",20,"Speed Skating",0,0,0,0,"colin-hickey-1","winter","1952","Australia"
"Gweneth Molony","Female",19,"Figure Skating",0,0,0,0,"gweneth-molony-1","winter","1952","Australia"
"Barry Patten","Male",24,"Alpine Skiing",0,0,0,0,"barry-patten-1","winter","1952","Australia"
"Cedric Sloane","Male",36,"Cross Country Skiing",0,0,0,0,"cedric-sloane-1","winter","1952","Australia"
"Adrian Swan","Male",19,"Figure Skating",0,0,0,0,"adrian-swan-1","winter","1952","Australia"
"Othmar Schneider","Male",23,"Alpine Skiing",1,1,0,2,"othmar-schneider-1","winter","1952","Austria"
"Christian Pravda","Male",24,"Alpine Skiing",0,1,1,2,"christian-pravda-1","winter","1952","Austria"
"Trude Jochum-Beiser","Female",24,"Alpine Skiing",1,0,0,1,"trude-jochum-beiser-1","winter","1952","Austria"
"Dagmar Rom","Female",23,"Alpine Skiing",0,1,0,1,"dagmar-rom-1","winter","1952","Austria"
"Helmut Seibt","Male",22,"Figure Skating",0,1,0,1,"helmut-seibt-1","winter","1952","Austria"
"Toni Spi√<U+009F>","Male",21,"Alpine Skiing",0,0,1,1,"toni-spiss-1","winter","1952","Austria"
"Paul Aste","Male",35,"Bobsleigh",0,0,0,0,"paul-aste-1","winter","1952","Austria"
"Sepp Bradl","Male",34,"Ski Jumping",0,0,0,0,"sepp-bradl-1","winter","1952","Austria"
"Rudi Dietrich","Male",22,"Ski Jumping",0,0,0,0,"rudi-dietrich-1","winter","1952","Austria"
"Franz Eckhardt","Male",24,"Bobsleigh",0,0,0,0,"franz-eckhardt-1","winter","1952","Austria"
"Hans Eder","Male",24,"Cross Country Skiing, Nordic Combined, Ski Jumping",0,0,0,0,"hans-eder-1","winter","1952","Austria"
"Heinz Hoppichler","Male",46,"Bobsleigh",0,0,0,0,"heinz-hoppichler-1","winter","1952","Austria"
"Lizzy Kladensky","Female",26,"Cross Country Skiing",0,0,0,0,"lizzy-kladensky-1","winter","1952","Austria"
"Trude Klecker","Female",26,"Alpine Skiing",0,0,0,0,"trude-klecker-1","winter","1952","Austria"
"Franz Kneissl","Male",30,"Bobsleigh",0,0,0,0,"franz-kneissl-1","winter","1952","Austria"
"Leopold Kohl","Male",21,"Cross Country Skiing, Nordic Combined",0,0,0,0,"leopold-kohl-1","winter","1952","Austria"
"Friedrich Krischan","Male",31,"Cross Country Skiing",0,0,0,0,"friedrich-krischan-1","winter","1952","Austria"
"Otto Linher","Male",29,"Alpine Skiing",0,0,0,0,"otto-linher-1","winter","1952","Austria"
"Kurt Loserth","Male",37,"Bobsleigh",0,0,0,0,"kurt-loserth-1","winter","1952","Austria"
"Erika Mahringer","Female",27,"Alpine Skiing",0,0,0,0,"erika-mahringer-1","winter","1952","Austria"
"Arthur Mannsbarth","Male",21,"Speed Skating",0,0,0,0,"arthur-mannsbarth-1","winter","1952","Austria"
"Hias Noichl","Male",31,"Cross Country Skiing",0,0,0,0,"hias-noichl-1","winter","1952","Austria"
"Franz Offenberger","Male",20,"Speed Skating",0,0,0,0,"franz-offenberger-1","winter","1952","Austria"
"Kurt Oppelt","Male",19,"Figure Skating",0,0,0,0,"kurt-oppelt-1","winter","1952","Austria"
"Hermann Palka","Male",30,"Bobsleigh",0,0,0,0,"hermann-palka-1","winter","1952","Austria"
"Konrad Pecher","Male",21,"Speed Skating",0,0,0,0,"konrad-pecher-1","winter","1952","Austria"
"Peter Radacher","Male",21,"Cross Country Skiing, Nordic Combined",0,0,0,0,"peter-radacher-1","winter","1952","Austria"
"Karl Rafreider","Male",34,"Cross Country Skiing",0,0,0,0,"karl-rafreider-1","winter","1952","Austria"
"Rosi Sailer","Female",20,"Alpine Skiing",0,0,0,0,"rosi-sailer-1","winter","1952","Austria"
"Sepp Schiffner","Male",21,"Cross Country Skiing, Nordic Combined",0,0,0,0,"sepp-schiffner-1","winter","1952","Austria"
"Annelies Schilhan","Female",15,"Figure Skating",0,0,0,0,"annelies-schilhan-1","winter","1952","Austria"
"Sepp Schneeberger","Male",32,"Cross Country Skiing",0,0,0,0,"sepp-schneeberger-1","winter","1952","Austria"
"Egon Sch√∂pf","Male",26,"Alpine Skiing",0,0,0,0,"egon-schopf-1","winter","1952","Austria"
"Oskar Schulz","Male",28,"Cross Country Skiing",0,0,0,0,"oskar-schulz-1","winter","1952","Austria"
"Sissy Schwarz","Female",15,"Figure Skating",0,0,0,0,"sissy-schwarz-1","winter","1952","Austria"
"Hans Senger","Male",26,"Alpine Skiing",0,0,0,0,"hans-senger-1","winter","1952","Austria"
"Walter Steinegger","Male",23,"Ski Jumping",0,0,0,0,"walter-steinegger-1","winter","1952","Austria"
"Wilfried Thurner","Male",24,"Bobsleigh",0,0,0,0,"wilfried-thurner-1","winter","1952","Austria"
"Karl Wagner","Male",44,"Bobsleigh",0,0,0,0,"karl-wagner-1","winter","1952","Austria"
"Albert Casteleyns","Male",34,"Bobsleigh",0,0,0,0,"albert-casteleyns-1","winter","1952","Belgium"
"Charles De Sorgher","Male",21,"Bobsleigh",0,0,0,0,"charles-de-sorgher-1","winter","1952","Belgium"
"Andr√© De Wulf","Male",29,"Bobsleigh",0,0,0,0,"andre-de-wulf-1","winter","1952","Belgium"
"Denis Feron","Male",23,"Alpine Skiing",0,0,0,0,"denis-feron-1","winter","1952","Belgium"
"Michel Feron","Male",28,"Alpine Skiing",0,0,0,0,"michel-feron-1","winter","1952","Belgium"
"Pierre Huylebroeck","Male",29,"Speed Skating",0,0,0,0,"pierre-huylebroeck-1","winter","1952","Belgium"
"Robert Laboub√©e","Male",24,"Speed Skating",0,0,0,0,"robert-laboubee-1","winter","1952","Belgium"
"Marcel Leclef","Male",42,"Bobsleigh",0,0,0,0,"marcel-leclef-1","winter","1952","Belgium"
"Jean Massez","Male",26,"Speed Skating",0,0,0,0,"jean-massez-1","winter","1952","Belgium"
"Dimitri Atanasov","Male",24,"Alpine Skiing",0,0,0,0,"dimitri-atanasov-1","winter","1952","Bulgaria"
"Georgi Dimitrov","Male",21,"Alpine Skiing",0,0,0,0,"georgi-dimitrov-3","winter","1952","Bulgaria"
"Khristo Donchev","Male",23,"Cross Country Skiing",0,0,0,0,"khristo-donchev-2","winter","1952","Bulgaria"
"Dimitar Drazhev","Male",27,"Alpine Skiing",0,0,0,0,"dimitar-drazhev-1","winter","1952","Bulgaria"
"Vasil Gruev","Male",25,"Cross Country Skiing",0,0,0,0,"vasil-gruev-1","winter","1952","Bulgaria"
"Petar Kovachev","Male",29,"Cross Country Skiing",0,0,0,0,"petar-kovachev-1","winter","1952","Bulgaria"
"Georgi Mitrov","Male",19,"Alpine Skiing",0,0,0,0,"georgi-mitrov-1","winter","1952","Bulgaria"
"Petar Nikolov","Male",29,"Cross Country Skiing",0,0,0,0,"petar-nikolov-1","winter","1952","Bulgaria"
"Ivan Staykov","Male",25,"Cross Country Skiing",0,0,0,0,"ivan-staykov-1","winter","1952","Bulgaria"
"Boris Stoev","Male",25,"Cross Country Skiing",0,0,0,0,"boris-stoev-1","winter","1952","Bulgaria"
"George Abel","Male",35,"Ice Hockey",1,0,0,1,"george-abel-1","winter","1952","Canada"
"Jack Davies","Male",23,"Ice Hockey",1,0,0,1,"jack-davies-1","winter","1952","Canada"
"Billy Dawe","Male",27,"Ice Hockey",1,0,0,1,"billy-dawe-1","winter","1952","Canada"
"Bruce Dickson","Male",20,"Ice Hockey",1,0,0,1,"bruce-dickson-2","winter","1952","Canada"
"Don Gauf","Male",25,"Ice Hockey",1,0,0,1,"don-gauf-1","winter","1952","Canada"
"Billy Gibson","Male",24,"Ice Hockey",1,0,0,1,"billy-gibson-1","winter","1952","Canada"
"Ralph Hansch","Male",27,"Ice Hockey",1,0,0,1,"ralph-hansch-1","winter","1952","Canada"
"Bob Meyers","Male",27,"Ice Hockey",1,0,0,1,"bob-meyers-1","winter","1952","Canada"
"David Miller","Male",26,"Ice Hockey",1,0,0,1,"david-miller-1","winter","1952","Canada"
"Eric Paterson","Male",22,"Ice Hockey",1,0,0,1,"eric-paterson-1","winter","1952","Canada"
"Tom Pollock","Male",26,"Ice Hockey",1,0,0,1,"tom-pollock-2","winter","1952","Canada"
"Al Purvis","Male",23,"Ice Hockey",1,0,0,1,"al-purvis-1","winter","1952","Canada"
"Gordie Robertson","Male",25,"Ice Hockey",1,0,0,1,"gordie-robertson-1","winter","1952","Canada"
"Louis Secco","Male",25,"Ice Hockey",1,0,0,1,"louis-secco-1","winter","1952","Canada"
"Frank Sullivan","Male",34,"Ice Hockey",1,0,0,1,"frank-sullivan-1","winter","1952","Canada"
"Bob Watt","Male",24,"Ice Hockey",1,0,0,1,"bob-watt-1","winter","1952","Canada"
"Gordon Audley","Male",23,"Speed Skating",0,0,1,1,"gordon-audley-1","winter","1952","Canada"
"Andr√© Bertrand","Male",20,"Alpine Skiing",0,0,0,0,"andre-bertrand-1","winter","1952","Canada"
"Norris Bowden","Male",25,"Figure Skating",0,0,0,0,"norris-bowden-1","winter","1952","Canada"
"Jacques Carbonneau","Male",23,"Cross Country Skiing",0,0,0,0,"jacques-carbonneau-1","winter","1952","Canada"
"Jacques Charland","Male",21,"Ski Jumping",0,0,0,0,"jacques-charland-1","winter","1952","Canada"
"Frances Dafoe","Female",22,"Figure Skating",0,0,0,0,"frances-dafoe-1","winter","1952","Canada"
"Peter Firstbrook","Male",18,"Figure Skating",0,0,0,0,"peter-firstbrook-1","winter","1952","Canada"
"Jack Griffin","Male",22,"Alpine Skiing",0,0,0,0,"jack-griffin-1","winter","1952","Canada"
"Joanne Hewson","Female",21,"Alpine Skiing",0,0,0,0,"joanne-hewson-1","winter","1952","Canada"
"Lucien Lafert√©","Male",32,"Ski Jumping",0,0,0,0,"lucien-laferte-1","winter","1952","Canada"
"Craig MacKay","Male",24,"Speed Skating",0,0,0,0,"craig-mackay-1","winter","1952","Canada"
"George Merry","Male",22,"Alpine Skiing",0,0,0,0,"george-merry-1","winter","1952","Canada"
"Gordon Morrison","Male",20,"Alpine Skiing",0,0,0,0,"gordon-morrison-1","winter","1952","Canada"
"Suzi Morrow","Female",21,"Figure Skating",0,0,0,0,"suzi-morrow-1","winter","1952","Canada"
"Ralf Olin","Male",26,"Speed Skating",0,0,0,0,"ralf-olin-1","winter","1952","Canada"
"Robert Richardson","Male",24,"Alpine Skiing",0,0,0,0,"robert-richardson-1","winter","1952","Canada"
"Claude Richer","Male",22,"Cross Country Skiing",0,0,0,0,"claude-richer-1","winter","1952","Canada"
"Rosemarie Schutz","Female",21,"Alpine Skiing",0,0,0,0,"rosemarie-schutz-1","winter","1952","Canada"
"Marlene Smith","Female",20,"Figure Skating",0,0,0,0,"marlene-smith-1","winter","1952","Canada"
"Vera Smith","Female",19,"Figure Skating",0,0,0,0,"vera-smith-1","winter","1952","Canada"
"Frank Stack","Male",46,"Speed Skating",0,0,0,0,"frank-stack-1","winter","1952","Canada"
"Lucile Wheeler","Female",17,"Alpine Skiing",0,0,0,0,"lucile-wheeler-1","winter","1952","Canada"
"Rhoda Wurtele-Eaves","Female",30,"Alpine Skiing",0,0,0,0,"rhoda-wurtele-eaves-1","winter","1952","Canada"
"Jaime Err√°zuriz","Male",28,"Alpine Skiing",0,0,0,0,"jaime-errazuriz-1","winter","1952","Chile"
"Sergio Navarrete","Male",26,"Alpine Skiing",0,0,0,0,"sergio-navarrete-1","winter","1952","Chile"
"Eduardo Silva","Male",23,"Alpine Skiing",0,0,0,0,"eduardo-silva-1","winter","1952","Chile"
"Franti≈°ek Balv√≠n","Male",36,"Cross Country Skiing",0,0,0,0,"frantisek-balvin-1","winter","1952","Czechoslovakia"
"Slavom√≠r Barto≈<U+0088>","Male",26,"Ice Hockey",0,0,0,0,"slavomir-barton-1","winter","1952","Czechoslovakia"
"Miloslav Bla≈æek","Male",29,"Ice Hockey",0,0,0,0,"miloslav-blazek-1","winter","1952","Czechoslovakia"
"V√°clav Bubn√≠k","Male",26,"Ice Hockey",0,0,0,0,"vaclav-bubnik-1","winter","1952","Czechoslovakia"
"Vlastimil Bubn√≠k","Male",20,"Ice Hockey",0,0,0,0,"vlastimil-bubnik-1","winter","1952","Czechoslovakia"
"Jaroslav Cardal","Male",32,"Cross Country Skiing",0,0,0,0,"jaroslav-cardal-1","winter","1952","Czechoslovakia"
"Miloslav Charouzd","Male",23,"Ice Hockey",0,0,0,0,"miloslav-charouzd-1","winter","1952","Czechoslovakia"
"Bronislav Danda","Male",22,"Ice Hockey",0,0,0,0,"bronislav-danda-1","winter","1952","Czechoslovakia"
"Karel Gut","Male",24,"Ice Hockey",0,0,0,0,"karel-gut-1","winter","1952","Czechoslovakia"
"Vlastimil Haj≈°man","Male",23,"Ice Hockey",0,0,0,0,"vlastimil-hajsman-1","winter","1952","Czechoslovakia"
"≈†tefan Kovalƒç√≠k","Male",30,"Cross Country Skiing",0,0,0,0,"stefan-kovalcik-1","winter","1952","Czechoslovakia"
"Jan Lidral","Male",22,"Ice Hockey",0,0,0,0,"jan-lidral-1","winter","1952","Czechoslovakia"
"Vlastimil Melich","Male",23,"Cross Country Skiing, Nordic Combined",0,0,0,0,"vlastimil-melich-1","winter","1952","Czechoslovakia"
"Miroslav Nov√Ω","Male",21,"Ice Hockey",0,0,0,0,"miroslav-novy-1","winter","1952","Czechoslovakia"
"Miloslav O≈°mera","Male",28,"Ice Hockey",0,0,0,0,"miloslav-osmera-1","winter","1952","Czechoslovakia"
"Zdenƒ<U+009B>k P√Ωcha","Male",25,"Ice Hockey",0,0,0,0,"zdenek-pycha-1","winter","1952","Czechoslovakia"
"Miroslav Rejman","Male",26,"Ice Hockey",0,0,0,0,"miroslav-rejman-1","winter","1952","Czechoslovakia"
"Jan Richter","Male",28,"Ice Hockey",0,0,0,0,"jan-richter-1","winter","1952","Czechoslovakia"
"Old≈<U+0099>ich Sedl√°k","Male",29,"Ice Hockey",0,0,0,0,"oldrich-sedlak-1","winter","1952","Czechoslovakia"
"Ji≈<U+0099>√≠ Sekyra","Male",22,"Ice Hockey",0,0,0,0,"jiri-sekyra-1","winter","1952","Czechoslovakia"
"Vladim√≠r ≈†im≈Ønek","Male",24,"Cross Country Skiing",0,0,0,0,"vladimir-simunek-1","winter","1952","Czechoslovakia"
"Jozef Z√°horsk√Ω","Male",23,"Ice Hockey",0,0,0,0,"jozef-zahorsky-1","winter","1952","Czechoslovakia"
"Per Cock-Clausen","Male",39,"Figure Skating",0,0,0,0,"per-cock-clausen-1","winter","1952","Denmark"
"Heikki Hasu","Male",25,"Cross Country Skiing, Nordic Combined",1,1,0,2,"heikki-hasu-1","winter","1952","Finland"
"Tapio M√§kel√§","Male",25,"Cross Country Skiing",1,1,0,2,"tapio-makela-1","winter","1952","Finland"
"Paavo Lonkila","Male",29,"Cross Country Skiing",1,0,1,2,"paavo-lonkila-1","winter","1952","Finland"
"Veikko Hakulinen","Male",27,"Cross Country Skiing",1,0,0,1,"veikko-hakulinen-1","winter","1952","Finland"
"Urpo Korhonen","Male",29,"Cross Country Skiing",1,0,0,1,"urpo-korhonen-1","winter","1952","Finland"
"Lydia Wideman","Female",31,"Cross Country Skiing",1,0,0,1,"lydia-wideman-1","winter","1952","Finland"
"Mirja Hietamies","Female",21,"Cross Country Skiing",0,1,0,1,"mirja-hietamies-1","winter","1952","Finland"
"Eero Kolehmainen","Male",33,"Cross Country Skiing",0,1,0,1,"eero-kolehmainen-1","winter","1952","Finland"
"Siiri Rantanen","Female",27,"Cross Country Skiing",0,0,1,1,"siiri-rantanen-1","winter","1952","Finland"
"Pekka Alonen","Male",23,"Alpine Skiing",0,0,0,0,"pekka-alonen-1","winter","1952","Finland"
"Pentti Alonen","Male",26,"Alpine Skiing",0,0,0,0,"pentti-alonen-1","winter","1952","Finland"
"Yrj√∂ Hakala","Male",19,"Ice Hockey",0,0,0,0,"yrjo-hakala-1","winter","1952","Finland"
"Aarne Honkavaara","Male",27,"Ice Hockey",0,0,0,0,"aarne-honkavaara-1","winter","1952","Finland"
"Erkki Hyt√∂nen","Male",18,"Ice Hockey",0,0,0,0,"erkki-hytonen-1","winter","1952","Finland"
"Antti Hyv√§rinen","Male",19,"Ski Jumping",0,0,0,0,"antti-hyvarinen-2","winter","1952","Finland"
"Pentti Isotalo","Male",24,"Ice Hockey",0,0,0,0,"pentti-isotalo-1","winter","1952","Finland"
"Niilo Juvonen","Male",23,"Alpine Skiing",0,0,0,0,"niilo-juvonen-1","winter","1952","Finland"
"Eino Kalpala","Male",25,"Alpine Skiing",0,0,0,0,"eino-kalpala-1","winter","1952","Finland"
"Matti Karumaa","Male",27,"Ice Hockey",0,0,0,0,"matti-karumaa-1","winter","1952","Finland"
"Ossi Kauppi","Male",22,"Ice Hockey",0,0,0,0,"ossi-kauppi-1","winter","1952","Finland"
"Paavo Korhonen","Male",23,"Cross Country Skiing, Nordic Combined",0,0,0,0,"paavo-korhonen-1","winter","1952","Finland"
"Olavi Kuronen","Male",29,"Ski Jumping",0,0,0,0,"olavi-kuronen-1","winter","1952","Finland"
"Keijo Kuusela","Male",31,"Ice Hockey",0,0,0,0,"keijo-kuusela-1","winter","1952","Finland"
"Pekka Kuvaja","Male",30,"Cross Country Skiing",0,0,0,0,"pekka-kuvaja-1","winter","1952","Finland"
"Kalevi Laitinen","Male",32,"Speed Skating",0,0,0,0,"kalevi-laitinen-1","winter","1952","Finland"
"Pentti Lammio","Male",32,"Speed Skating",0,0,0,0,"pentti-lammio-1","winter","1952","Finland"
"Tauno Luiro","Male",19,"Ski Jumping",0,0,0,0,"tauno-luiro-1","winter","1952","Finland"
"Kauko M√§kinen","Male",24,"Ice Hockey",0,0,0,0,"kauko-makinen-1","winter","1952","Finland"
"Kalevi Mononen","Male",31,"Cross Country Skiing",0,0,0,0,"kalevi-mononen-1","winter","1952","Finland"
"Pekka Myllyl√§","Male",19,"Ice Hockey",0,0,0,0,"pekka-myllyla-1","winter","1952","Finland"
"Eeti Nieminen","Male",24,"Cross Country Skiing, Nordic Combined",0,0,0,0,"eeti-nieminen-1","winter","1952","Finland"
"Toivo Oikarinen","Male",27,"Cross Country Skiing",0,0,0,0,"toivo-oikarinen-1","winter","1952","Finland"
"Lassi Parkkinen","Male",34,"Speed Skating",0,0,0,0,"lassi-parkkinen-1","winter","1952","Finland"
"Leena Pietil√§","Female",26,"Figure Skating",0,0,0,0,"leena-pietila-1","winter","1952","Finland"
"Sirkka Polkunen","Female",24,"Cross Country Skiing",0,0,0,0,"sirkka-polkunen-1","winter","1952","Finland"
"Christian Rapp","Male",23,"Ice Hockey",0,0,0,0,"christian-rapp-1","winter","1952","Finland"
"Esko Rekomaa","Male",19,"Ice Hockey",0,0,0,0,"esko-rekomaa-1","winter","1952","Finland"
"Matti Rintakoski","Male",27,"Ice Hockey",0,0,0,0,"matti-rintakoski-1","winter","1952","Finland"
"Eero Saari","Male",23,"Ice Hockey",0,0,0,0,"eero-saari-1","winter","1952","Finland"
"Eero Salisma","Male",35,"Ice Hockey",0,0,0,0,"eero-salisma-1","winter","1952","Finland"
"Kauko Salomaa","Male",23,"Speed Skating",0,0,0,0,"kauko-salomaa-1","winter","1952","Finland"
"Toivo Salonen","Male",18,"Speed Skating",0,0,0,0,"toivo-salonen-1","winter","1952","Finland"
"Lauri Silv√°n","Male",19,"Ice Hockey",0,0,0,0,"lauri-silvan-1","winter","1952","Finland"
"Tauno Sipil√§","Male",30,"Cross Country Skiing",0,0,0,0,"tauno-sipila-1","winter","1952","Finland"
"Aulis Sipponen","Male",23,"Cross Country Skiing, Nordic Combined",0,0,0,0,"aulis-sipponen-1","winter","1952","Finland"
"Matti Tuomi","Male",26,"Speed Skating",0,0,0,0,"matti-tuomi-1","winter","1952","Finland"
"Kalle Tuulos","Male",21,"Figure Skating",0,0,0,0,"kalle-tuulos-1","winter","1952","Finland"
"Pentti Uotinen","Male",20,"Ski Jumping",0,0,0,0,"pentti-uotinen-1","winter","1952","Finland"
"Unto Wiitala","Male",26,"Ice Hockey",0,0,0,0,"unto-wiitala-1","winter","1952","Finland"
"Jukka Wuolio","Male",24,"Ice Hockey",0,0,0,0,"jukka-wuolio-1","winter","1952","Finland"
"Jacqueline du Bief","Female",21,"Figure Skating",0,0,1,1,"jacqueline-du-bief-1","winter","1952","France"
"Marysette Agnel","Female",25,"Alpine Skiing",0,0,0,0,"marysette-agnel-1","winter","1952","France"
"Mich√®le Angirany","Female",26,"Cross Country Skiing",0,0,0,0,"michele-angirany-1","winter","1952","France"
"Josette Baisse","Female",27,"Cross Country Skiing",0,0,0,0,"josette-baisse-1","winter","1952","France"
"Andr√©e Bermond","Female",22,"Alpine Skiing",0,0,0,0,"andree-bermond-1","winter","1952","France"
"Beno√Æt Carrara","Male",25,"Cross Country Skiing",0,0,0,0,"benoit-carrara-1","winter","1952","France"
"Joseph Chatelus","Male",43,"Bobsleigh",0,0,0,0,"joseph-chatelus-1","winter","1952","France"
"James Couttet","Male",30,"Alpine Skiing",0,0,0,0,"james-couttet-1","winter","1952","France"
"Guy de Huertas","Male",26,"Alpine Skiing",0,0,0,0,"guy-de-huertas-1","winter","1952","France"
"Alain Giletti","Male",12,"Figure Skating",0,0,0,0,"alain-giletti-1","winter","1952","France"
"Gervais Gindre","Male",24,"Cross Country Skiing",0,0,0,0,"gervais-gindre-1","winter","1952","France"
"Robert Guillard","Male",32,"Bobsleigh",0,0,0,0,"robert-guillard-1","winter","1952","France"
"Ren√© Mandrillon","Male",23,"Cross Country Skiing",0,0,0,0,"rene-mandrillon-1","winter","1952","France"
"Jacqueline Martel","Female",25,"Alpine Skiing",0,0,0,0,"jacqueline-martel-1","winter","1952","France"
"Firmin Mattis","Male",22,"Alpine Skiing",0,0,0,0,"firmin-mattis-1","winter","1952","France"
"Jean Mermet","Male",20,"Cross Country Skiing",0,0,0,0,"jean-mermet-1","winter","1952","France"
"Andr√© Monnier","Male",25,"Ski Jumping",0,0,0,0,"andre-monnier-1","winter","1952","France"
"Henri Oreiller","Male",26,"Alpine Skiing",0,0,0,0,"henri-oreiller-1","winter","1952","France"
"G√©rard Perrier","Male",24,"Cross Country Skiing",0,0,0,0,"gerard-perrier-1","winter","1952","France"
"Jacques Perrier","Male",22,"Cross Country Skiing",0,0,0,0,"jacques-perrier-2","winter","1952","France"
"R√©gis Rey","Male",22,"Ski Jumping",0,0,0,0,"regis-rey-1","winter","1952","France"
"Henri Rivi√®re","Male",30,"Bobsleigh",0,0,0,0,"henri-riviere-1","winter","1952","France"
"Andr√© Robin","Male",29,"Bobsleigh",0,0,0,0,"andre-robin-1","winter","1952","France"
"Louis Saint-Calbre","Male",39,"Bobsleigh",0,0,0,0,"louis-saint-calbre-1","winter","1952","France"
"Maurice Sanglard","Male",24,"Alpine Skiing",0,0,0,0,"maurice-sanglard-1","winter","1952","France"
"Henri Thiolli√®re","Male",29,"Ski Jumping",0,0,0,0,"henri-thiolliere-1","winter","1952","France"
"Mirl Buchner","Female",27,"Alpine Skiing",0,1,2,3,"mirl-buchner-1","winter","1952","Germany"
"Lorenz Nieberl","Male",32,"Bobsleigh",2,0,0,2,"lorenz-nieberl-1","winter","1952","Germany"
"Anderl Ostler","Male",31,"Bobsleigh",2,0,0,2,"anderl-ostler-1","winter","1952","Germany"
"Paul Falk","Male",30,"Figure Skating",1,0,0,1,"paul-falk-1","winter","1952","Germany"
"Ria Falk","Female",29,"Figure Skating",1,0,0,1,"ria-falk-1","winter","1952","Germany"
"Franz Kemser","Male",41,"Bobsleigh",1,0,0,1,"franz-kemser-1","winter","1952","Germany"
"Fritz Kuhn","Male",32,"Bobsleigh",1,0,0,1,"fritz-kuhn-1","winter","1952","Germany"
"Ossi Reichert","Female",26,"Alpine Skiing",0,1,0,1,"ossi-reichert-1","winter","1952","Germany"
"Heini Bierling","Male",21,"Alpine Skiing",0,0,0,0,"heini-bierling-1","winter","1952","Germany"
"Karl Bierschel","Male",19,"Ice Hockey",0,0,0,0,"karl-bierschel-1","winter","1952","Germany"
"Helmut B√∂ck","Male",21,"Cross Country Skiing, Nordic Combined",0,0,0,0,"helmut-bock-1","winter","1952","Germany"
"Hermann Braun","Male",26,"Figure Skating",0,0,0,0,"hermann-braun-1","winter","1952","Germany"
"Toni Brutscher","Male",26,"Ski Jumping",0,0,0,0,"toni-brutscher-1","winter","1952","Germany"
"Gundi Busch","Female",16,"Figure Skating",0,0,0,0,"gundi-busch-1","winter","1952","Germany"
"Franz Dengg","Male",23,"Ski Jumping",0,0,0,0,"franz-dengg-1","winter","1952","Germany"
"Helga Dudzinski","Female",22,"Figure Skating",0,0,0,0,"helga-dudzinski-1","winter","1952","Germany"
"Markus Egen","Male",24,"Ice Hockey",0,0,0,0,"markus-egen-1","winter","1952","Germany"
"Hubert Egger","Male",24,"Cross Country Skiing",0,0,0,0,"hubert-egger-1","winter","1952","Germany"
"Karl Enzler","Male",26,"Ice Hockey",0,0,0,0,"karl-enzler-1","winter","1952","Germany"
"Pepi Erben","Male",24,"Alpine Skiing",0,0,0,0,"pepi-erben-1","winter","1952","Germany"
"Hanni Gehring","Female",25,"Cross Country Skiing",0,0,0,0,"hanni-gehring-1","winter","1952","Germany"
"Hannelore Glaser-Franke","Female",19,"Alpine Skiing",0,0,0,0,"hannelore-glaser-franke-1","winter","1952","Germany"
"Georg Guggemos","Male",25,"Ice Hockey",0,0,0,0,"georg-guggemos-1","winter","1952","Germany"
"Alois Harrer","Male",25,"Cross Country Skiing",0,0,0,0,"alois-harrer-1","winter","1952","Germany"
"Heinz Hauser","Male",31,"Cross Country Skiing, Nordic Combined",0,0,0,0,"heinz-hauser-1","winter","1952","Germany"
"Alfred Hoffmann","Male",37,"Ice Hockey",0,0,0,0,"alfred-hoffmann-1","winter","1952","Germany"
"Engelbert Holderied","Male",27,"Ice Hockey",0,0,0,0,"engelbert-holderied-1","winter","1952","Germany"
"Theo Kitt","Male",39,"Bobsleigh",0,0,0,0,"theo-kitt-1","winter","1952","Germany"
"Willi Klein","Male",24,"Alpine Skiing",0,0,0,0,"willi-klein-1","winter","1952","Germany"
"Sepp Kleisl","Male",23,"Ski Jumping",0,0,0,0,"sepp-kleisl-1","winter","1952","Germany"
"Rudi Kopp","Male",26,"Cross Country Skiing",0,0,0,0,"rudi-kopp-1","winter","1952","Germany"
"Erika Kraft","Female",20,"Figure Skating",0,0,0,0,"erika-kraft-1","winter","1952","Germany"
"Walter Kremershof","Male",29,"Ice Hockey",0,0,0,0,"walter-kremershof-1","winter","1952","Germany"
"Ludwig Kuhn","Male",33,"Ice Hockey",0,0,0,0,"ludwig-kuhn-1","winter","1952","Germany"
"Evi Lanig","Female",18,"Alpine Skiing",0,0,0,0,"evi-lanig-1","winter","1952","Germany"
"Lia Leism√ºller","Female",20,"Alpine Skiing",0,0,0,0,"lia-leismuller-1","winter","1952","Germany"
"Theo Meding","Male",20,"Speed Skating",0,0,0,0,"theo-meding-1","winter","1952","Germany"
"Inge Minor","Female",22,"Figure Skating",0,0,0,0,"inge-minor-1","winter","1952","Germany"
"Albert Mohr","Male",22,"Cross Country Skiing",0,0,0,0,"albert-mohr-1","winter","1952","Germany"
"Dieter Niess","Male",25,"Ice Hockey",0,0,0,0,"dieter-niess-1","winter","1952","Germany"
"Beni Oberm√ºller","Male",21,"Alpine Skiing",0,0,0,0,"beni-obermuller-1","winter","1952","Germany"
"Juku Pent","Male",33,"Cross Country Skiing",0,0,0,0,"juku-pent-1","winter","1952","Germany"
"Hans Georg Pescher","Male",20,"Ice Hockey",0,0,0,0,"hans-georg-pescher-1","winter","1952","Germany"
"Fritz Poitsch","Male",25,"Ice Hockey",0,0,0,0,"fritz-poitsch-1","winter","1952","Germany"
"Herbert Schibukat","Male",37,"Ice Hockey",0,0,0,0,"herbert-schibukat-1","winter","1952","Germany"
"Karl Sch√º√<U+009F>ler","Male",27,"Cross Country Skiing",0,0,0,0,"karl-schussler-1","winter","1952","Germany"
"Peppi Schwaiger","Male",21,"Alpine Skiing",0,0,0,0,"peppi-schwaiger-1","winter","1952","Germany"
"Marianne Seltsam","Female",19,"Alpine Skiing",0,0,0,0,"marianne-seltsam-1","winter","1952","Germany"
"Freimut Stein","Male",27,"Figure Skating",0,0,0,0,"freimut-stein-1","winter","1952","Germany"
"Xaver Unsinn","Male",22,"Ice Hockey",0,0,0,0,"xaver-unsinn-1","winter","1952","Germany"
"Heinz Wackers","Male",26,"Ice Hockey",0,0,0,0,"heinz-wackers-1","winter","1952","Germany"
"Sepp Weiler","Male",31,"Ski Jumping",0,0,0,0,"sepp-weiler-1","winter","1952","Germany"
"Karl Wild","Male",34,"Ice Hockey",0,0,0,0,"karl-wild-1","winter","1952","Germany"
"Jeannette Altwegg","Female",21,"Figure Skating",1,0,0,1,"jeannette-altwegg-1","winter","1952","Great Britain"
"John Boyagis","Male",24,"Alpine Skiing",0,0,0,0,"john-boyagis-1","winter","1952","Great Britain"
"Fiona Campbell","Female",22,"Alpine Skiing",0,0,0,0,"fiona-campbell-1","winter","1952","Great Britain"
"Rupert de Larrinaga","Male",23,"Alpine Skiing",0,0,0,0,"rupert-de-larrinaga-1","winter","1952","Great Britain"
"Patricia Devries","Female",21,"Figure Skating",0,0,0,0,"patricia-devries-1","winter","1952","Great Britain"
"Noel Harrison","Male",18,"Alpine Skiing",0,0,0,0,"noel-harrison-1","winter","1952","Great Britain"
"John Hearn","Male",22,"Speed Skating",0,0,0,0,"john-hearn-1","winter","1952","Great Britain"
"Norman Holwell","Male",23,"Speed Skating",0,0,0,0,"norman-holwell-1","winter","1952","Great Britain"
"Peri Horne","Female",19,"Figure Skating",0,0,0,0,"peri-horne-1","winter","1952","Great Britain"
"Bill Jones","Male",28,"Speed Skating",0,0,0,0,"bill-jones-3","winter","1952","Great Britain"
"Hilary Laing","Female",24,"Alpine Skiing",0,0,0,0,"hilary-laing-1","winter","1952","Great Britain"
"Ray Lockwood","Male",23,"Figure Skating",0,0,0,0,"ray-lockwood-1","winter","1952","Great Britain"
"Sheena Mackintosh","Female",23,"Alpine Skiing",0,0,0,0,"sheena-mackintosh-1","winter","1952","Great Britain"
"Vora Mackintosh","Female",22,"Alpine Skiing",0,0,0,0,"vora-mackintosh-1","winter","1952","Great Britain"
"Jennifer Nicks","Female",19,"Figure Skating",0,0,0,0,"jennifer-nicks-1","winter","1952","Great Britain"
"John Nicks","Male",22,"Figure Skating",0,0,0,0,"john-nicks-1","winter","1952","Great Britain"
"Valda Osborn","Female",17,"Figure Skating",0,0,0,0,"valda-osborn-1","winter","1952","Great Britain"
"Barbara Wyatt","Female",21,"Figure Skating",0,0,0,0,"barbara-wyatt-1","winter","1952","Great Britain"
"Angelos Lembesi","Male",34,"Alpine Skiing",0,0,0,0,"angelos-lembesi-1","winter","1952","Greece"
"Antonios Myliordos","Male",27,"Alpine Skiing",0,0,0,0,"antonios-myliordos-1","winter","1952","Greece"
"Alexandros Vouxinos","Male",32,"Alpine Skiing",0,0,0,0,"alexandros-vouxinos-1","winter","1952","Greece"
"L√°szl√≥ Nagy","Male",24,"Figure Skating",0,0,1,1,"laszlo-nagy-2","winter","1952","Hungary"
"Marianna Nagy","Female",23,"Figure Skating",0,0,1,1,"marianna-nagy-1","winter","1952","Hungary"
"Ign√°c Berecz","Male",39,"Cross Country Skiing",0,0,0,0,"ignac-berecz-1","winter","1952","Hungary"
"Gy√∂rgy Czak√≥","Male",18,"Figure Skating",0,0,0,0,"gyorgy-czako-1","winter","1952","Hungary"
"Eszter Jurek","Female",15,"Figure Skating",0,0,0,0,"eszter-jurek-1","winter","1952","Hungary"
"Ferenc L≈<U+0091>rincz","Male",19,"Speed Skating",0,0,0,0,"ferenc-lorincz-1","winter","1952","Hungary"
"J√≥zsef Mer√©nyi","Male",23,"Speed Skating",0,0,0,0,"jozsef-merenyi-1","winter","1952","Hungary"
"J√≥zsef Piroska","Male",21,"Alpine Skiing",0,0,0,0,"jozsef-piroska-1","winter","1952","Hungary"
"P√°l Sajg√≥","Male",29,"Cross Country Skiing",0,0,0,0,"pal-sajgo-1","winter","1952","Hungary"
"Ildik√≥ Szendr≈<U+0091>di-K≈<U+0091>v√°ri","Female",21,"Alpine Skiing",0,0,0,0,"ildiko-szendrodi-kovari-1","winter","1952","Hungary"
"√<U+0089>va Sz√∂ll≈<U+0091>si","Female",17,"Figure Skating",0,0,0,0,"eva-szollosi-1","winter","1952","Hungary"
"G√°bor Vida","Male",22,"Figure Skating",0,0,0,0,"gabor-vida-1","winter","1952","Hungary"
"√Åsgeir Eyj√≥lfsson","Male",22,"Alpine Skiing",0,0,0,0,"asgeir-eyjolfsson-1","winter","1952","Iceland"
"Ari Gu√∞mundsson","Male",24,"Ski Jumping",0,0,0,0,"ari-gudmundsson-1","winter","1952","Iceland"
"J√≥n Kristj√°nsson","Male",31,"Cross Country Skiing",0,0,0,0,"jon-kristjansson-1","winter","1952","Iceland"
"Matth√≠as Kristj√°nsson","Male",27,"Cross Country Skiing",0,0,0,0,"matthias-kristjansson-1","winter","1952","Iceland"
"Stef√°n Kristj√°nsson","Male",27,"Alpine Skiing",0,0,0,0,"stefan-kristjansson-1","winter","1952","Iceland"
"Gunnar P√©tursson","Male",21,"Cross Country Skiing",0,0,0,0,"gunnar-petursson-1","winter","1952","Iceland"
"Oddur P√©tursson","Male",20,"Cross Country Skiing",0,0,0,0,"oddur-petursson-1","winter","1952","Iceland"
"Haukur Sigur√∞sson","Male",21,"Alpine Skiing",0,0,0,0,"haukur-sigurdsson-1","winter","1952","Iceland"
"J√≥n Karl Sigur√∞sson","Male",19,"Alpine Skiing",0,0,0,0,"jon-karl-sigurdsson-1","winter","1952","Iceland"
"Ivar Stef√°nsson","Male",24,"Cross Country Skiing",0,0,0,0,"ivar-stefansson-1","winter","1952","Iceland"
"Ebeneser √<U+009E>√≥rarinsson","Male",19,"Cross Country Skiing",0,0,0,0,"ebeneser-thorarinsson-1","winter","1952","Iceland"
"Zeno Col√≤","Male",31,"Alpine Skiing",1,0,0,1,"zeno-colo-1","winter","1952","Italy"
"Giuliana Chenal-Minuzzo","Female",20,"Alpine Skiing",0,0,1,1,"giuliana-chenal-minuzzo-1","winter","1952","Italy"
"Albino Alver√","Male",28,"Alpine Skiing",0,0,0,0,"albino-alvera-1","winter","1952","Italy"
"Michele Alver√","Male",22,"Bobsleigh",0,0,0,0,"michele-alvera-1","winter","1952","Italy"
"Silvio Alver√","Male",30,"Alpine Skiing",0,0,0,0,"silvio-alvera-1","winter","1952","Italy"
"Nino Anderlini","Male",25,"Cross Country Skiing",0,0,0,0,"nino-anderlini-1","winter","1952","Italy"
"Guido Caroli","Male",24,"Speed Skating",0,0,0,0,"guido-caroli-1","winter","1952","Italy"
"Luigi Cavalieri","Male",37,"Bobsleigh",0,0,0,0,"luigi-cavalieri-1","winter","1952","Italy"
"Guido Citterio","Male",20,"Speed Skating",0,0,0,0,"guido-citterio-1","winter","1952","Italy"
"Ilio Colli","Male",20,"Alpine Skiing",0,0,0,0,"ilio-colli-1","winter","1952","Italy"
"Dario Colombi","Male",22,"Bobsleigh",0,0,0,0,"dario-colombi-1","winter","1952","Italy"
"Ottavio Compagnoni","Male",25,"Cross Country Skiing",0,0,0,0,"ottavio-compagnoni-1","winter","1952","Italy"
"Severino Compagnoni","Male",38,"Cross Country Skiing",0,0,0,0,"severino-compagnoni-1","winter","1952","Italy"
"Antenore Cuel","Male",29,"Cross Country Skiing",0,0,0,0,"antenore-cuel-1","winter","1952","Italy"
"Federico De Florian","Male",30,"Cross Country Skiing",0,0,0,0,"federico-de-florian-1","winter","1952","Italy"
"Alberto Della Beffa","Male",37,"Bobsleigh",0,0,0,0,"alberto-della-beffa-1","winter","1952","Italy"
"Arrigo Delladio","Male",23,"Cross Country Skiing",0,0,0,0,"arrigo-delladio-1","winter","1952","Italy"
"Carlo Fassi","Male",22,"Figure Skating",0,0,0,0,"carlo-fassi-1","winter","1952","Italy"
"Vittorio Folonari","Male",36,"Bobsleigh",0,0,0,0,"vittorio-folonari-1","winter","1952","Italy"
"Carlo Gartner","Male",29,"Alpine Skiing",0,0,0,0,"carlo-gartner-1","winter","1952","Italy"
"Uberto Gillarduzzi","Male",42,"Bobsleigh",0,0,0,0,"uberto-gillarduzzi-1","winter","1952","Italy"
"Roberto Lacedelli","Male",32,"Alpine Skiing",0,0,0,0,"roberto-lacedelli-1","winter","1952","Italy"
"Maria Grazia Marchelli","Female",19,"Alpine Skiing",0,0,0,0,"maria-grazia-marchelli-1","winter","1952","Italy"
"Giacomo Mosele","Male",26,"Cross Country Skiing",0,0,0,0,"giacomo-mosele-1","winter","1952","Italy"
"Enrico Musolino","Male",23,"Speed Skating",0,0,0,0,"enrico-musolino-1","winter","1952","Italy"
"Ermanno Nogler","Male",30,"Alpine Skiing",0,0,0,0,"ermanno-nogler-1","winter","1952","Italy"
"Vincenzo Perruchon","Male",31,"Cross Country Skiing",0,0,0,0,"vincenzo-perruchon-1","winter","1952","Italy"
"Dario Poggi","Male",42,"Bobsleigh",0,0,0,0,"dario-poggi-1","winter","1952","Italy"
"Alfred Prucker","Male",25,"Cross Country Skiing, Nordic Combined",0,0,0,0,"alfred-prucker-1","winter","1952","Italy"
"Sandro Rasini","Male",33,"Bobsleigh",0,0,0,0,"sandro-rasini-1","winter","1952","Italy"
"Fides Romanin","Female",17,"Cross Country Skiing",0,0,0,0,"fides-romanin-1","winter","1952","Italy"
"Celina Seghi","Female",31,"Alpine Skiing",0,0,0,0,"celina-seghi-1","winter","1952","Italy"
"Ildegarda Taffra","Female",17,"Cross Country Skiing",0,0,0,0,"ildegarda-taffra-1","winter","1952","Italy"
"Masanori Aoki","Male",24,"Speed Skating",0,0,0,0,"masanori-aoki-1","winter","1952","Japan"
"Ryoichi Fujisawa","Male",24,"Cross Country Skiing, Nordic Combined, Ski Jumping",0,0,0,0,"ryoichi-fujisawa-1","winter","1952","Japan"
"Yoshiyasu Gomi","Male",18,"Speed Skating",0,0,0,0,"yoshiyasu-gomi-1","winter","1952","Japan"
"Chiharu Igaya","Male",20,"Alpine Skiing",0,0,0,0,"chiharu-igaya-1","winter","1952","Japan"
"Kozo Kawashima","Male",25,"Ski Jumping",0,0,0,0,"kozo-kawashima-1","winter","1952","Japan"
"Sukenobu Kudo","Male",24,"Speed Skating",0,0,0,0,"sukenobu-kudo-1","winter","1952","Japan"
"Hisashi Mizugami","Male",26,"Alpine Skiing",0,0,0,0,"hisashi-mizugami-1","winter","1952","Japan"
"Tsuneo Sato","Male",26,"Speed Skating",0,0,0,0,"tsuneo-sato-1","winter","1952","Japan"
"Kazuhiko Sugawara","Male",24,"Speed Skating",0,0,0,0,"kazuhiko-sugawara-1","winter","1952","Japan"
"Kiyotaka Takabayashi","Male",23,"Speed Skating",0,0,0,0,"kiyotaka-takabayashi-1","winter","1952","Japan"
"Tatsuo Watanabe","Male",23,"Ski Jumping",0,0,0,0,"tatsuo-watanabe-1","winter","1952","Japan"
"Kenichi Yamamoto","Male",29,"Cross Country Skiing",0,0,0,0,"kenichi-yamamoto-1","winter","1952","Japan"
"Hiroshi Yoshizawa","Male",20,"Ski Jumping",0,0,0,0,"hiroshi-yoshizawa-1","winter","1952","Japan"
"Ibrahim Geagea","Male",27,"Alpine Skiing",0,0,0,0,"ibrahim-geagea-1","winter","1952","Lebanon"
"Kees Broekman","Male",24,"Speed Skating",0,2,0,2,"kees-broekman-1","winter","1952","Netherlands"
"Wim van der Voort","Male",28,"Speed Skating",0,1,0,1,"wim-van-der-voort-1","winter","1952","Netherlands"
"Jan Charisius","Male",25,"Speed Skating",0,0,0,0,"jan-charisius-1","winter","1952","Netherlands"
"Anton Huiskes","Male",23,"Speed Skating",0,0,0,0,"anton-huiskes-1","winter","1952","Netherlands"
"Gerard Maarse","Male",22,"Speed Skating",0,0,0,0,"gerard-maarse-1","winter","1952","Netherlands"
"Dick Pappenheim","Male",22,"Alpine Skiing",0,0,0,0,"dick-pappenheim-1","winter","1952","Netherlands"
"Peter Pappenheim","Male",25,"Alpine Skiing",0,0,0,0,"peter-pappenheim-1","winter","1952","Netherlands"
"Margriet Prajoux-Bouma","Female",39,"Alpine Skiing",0,0,0,0,"margriet-prajoux-bouma-1","winter","1952","Netherlands"
"Lidy Stoppelman","Female",18,"Figure Skating",0,0,0,0,"lidy-stoppelman-1","winter","1952","Netherlands"
"Egbert van 't Oever","Male",24,"Speed Skating",0,0,0,0,"egbert-van-t-oever-1","winter","1952","Netherlands"
"Cockie van der Elst","Male",23,"Speed Skating",0,0,0,0,"cockie-van-der-elst-1","winter","1952","Netherlands"
"Herbie Familton","Male",23,"Alpine Skiing",0,0,0,0,"herbie-familton-1","winter","1952","New Zealand"
"Bill Hunt","Male",22,"Alpine Skiing",0,0,0,0,"bill-hunt-1","winter","1952","New Zealand"
"Annette Johnson","Female",23,"Alpine Skiing",0,0,0,0,"annette-johnson-1","winter","1952","New Zealand"
"Hjalmar Andersen","Male",28,"Speed Skating",3,0,0,3,"hjalmar-andersen-1","winter","1952","Norway"
"Hallgeir Brenden","Male",23,"Cross Country Skiing",1,1,0,2,"hallgeir-brenden-1","winter","1952","Norway"
"Stein Eriksen","Male",24,"Alpine Skiing",1,1,0,2,"stein-eriksen-1","winter","1952","Norway"
"Magnar Estenstad","Male",27,"Cross Country Skiing",0,1,1,2,"magnar-estenstad-1","winter","1952","Norway"
"Arnfinn Bergmann","Male",23,"Ski Jumping",1,0,0,1,"arnfinn-bergmann-1","winter","1952","Norway"
"Simon Sl√•ttvik","Male",34,"Cross Country Skiing, Nordic Combined",1,0,0,1,"simon-slattvik-1","winter","1952","Norway"
"Torbj√∏rn Falkanger","Male",24,"Ski Jumping",0,1,0,1,"torbjorn-falkanger-1","winter","1952","Norway"
"Mikal Kirkholt","Male",31,"Cross Country Skiing",0,1,0,1,"mikal-kirkholt-1","winter","1952","Norway"
"Martin Stokken","Male",29,"Cross Country Skiing",0,1,0,1,"martin-stokken-1","winter","1952","Norway"
"Roald Aas","Male",23,"Speed Skating",0,0,1,1,"roald-aas-1","winter","1952","Norway"
"Guttorm Berge","Male",22,"Alpine Skiing",0,0,1,1,"guttorm-berge-1","winter","1952","Norway"
"Sverre Haugli","Male",26,"Speed Skating",0,0,1,1,"sverre-haugli-1","winter","1952","Norway"
"Arne Johansen","Male",24,"Speed Skating",0,0,1,1,"arne-johansen-1","winter","1952","Norway"
"Sverre Stenersen","Male",25,"Cross Country Skiing, Nordic Combined",0,0,1,1,"sverre-stenersen-1","winter","1952","Norway"
"Jan Erik Adolfsen","Male",21,"Ice Hockey",0,0,0,0,"jan-erik-adolfsen-1","winter","1952","Norway"
"Reidar Alveberg","Male",35,"Bobsleigh",0,0,0,0,"reidar-alveberg-1","winter","1952","Norway"
"Jorun Askersrud-Tangen","Female",22,"Cross Country Skiing",0,0,0,0,"jorun-askersrud-tangen-1","winter","1952","Norway"
"Arne Berg","Male",20,"Ice Hockey",0,0,0,0,"arne-berg-2","winter","1952","Norway"
"Egil Bjerklund","Male",18,"Ice Hockey",0,0,0,0,"egil-bjerklund-1","winter","1952","Norway"
"Trygve Brudevold","Male",31,"Bobsleigh",0,0,0,0,"trygve-brudevold-1","winter","1952","Norway"
"Reidar B√∏rjeson","Male",20,"Figure Skating",0,0,0,0,"reidar-borjeson-1","winter","1952","Norway"
"K√•re Christiansen","Male",40,"Bobsleigh",0,0,0,0,"kare-christiansen-1","winter","1952","Norway"
"Per Dahl","Male",35,"Ice Hockey",0,0,0,0,"per-dahl-1","winter","1952","Norway"
"Hroar Elvenes","Male",19,"Speed Skating",0,0,0,0,"hroar-elvenes-1","winter","1952","Norway"
"Tull Gasmann","Female",24,"Alpine Skiing",0,0,0,0,"tull-gasmann-1","winter","1952","Norway"
"Per Gjelten","Male",24,"Cross Country Skiing, Nordic Combined",0,0,0,0,"per-gjelten-1","winter","1952","Norway"
"Ottar Gjermundshaug","Male",27,"Cross Country Skiing, Nordic Combined",0,0,0,0,"ottar-gjermundshaug-1","winter","1952","Norway"
"Bj√∏rn Gulbrandsen","Male",25,"Ice Hockey",0,0,0,0,"bjorn-gulbrandsen-1","winter","1952","Norway"
"Bj√∏rn Oscar Gulbrandsen","Male",26,"Ice Hockey",0,0,0,0,"bjorn-oscar-gulbrandsen-1","winter","1952","Norway"
"Finn Gundersen","Male",18,"Ice Hockey",0,0,0,0,"finn-gundersen-1","winter","1952","Norway"
"Wiggo Hanssen","Male",28,"Speed Skating",0,0,0,0,"wiggo-hanssen-1","winter","1952","Norway"
"James Hayden","Male",33,"Bobsleigh",0,0,0,0,"james-hayden-1","winter","1952","Norway"
"Finn Helgesen","Male",32,"Speed Skating",0,0,0,0,"finn-helgesen-1","winter","1952","Norway"
"Gunnar Hjeltnes","Male",29,"Alpine Skiing",0,0,0,0,"gunnar-hjeltnes-1","winter","1952","Norway"
"Arne Hoel","Male",24,"Ski Jumping",0,0,0,0,"arne-hoel-1","winter","1952","Norway"
"Arne Holst","Male",47,"Bobsleigh",0,0,0,0,"arne-holst-1","winter","1952","Norway"
"Margit Hvammen","Female",19,"Alpine Skiing",0,0,0,0,"margit-hvammen-1","winter","1952","Norway"
"Anders Hveem","Male",27,"Bobsleigh",0,0,0,0,"anders-hveem-1","winter","1952","Norway"
"Sverre Johannessen","Male",30,"Alpine Skiing",0,0,0,0,"sverre-johannessen-1","winter","1952","Norway"
"Dagny J√∏rgensen","Female",22,"Alpine Skiing",0,0,0,0,"dagny-jorgensen-1","winter","1952","Norway"
"Yngvar Karlsen","Male",31,"Speed Skating",0,0,0,0,"yngvar-karlsen-1","winter","1952","Norway"
"Arthur Kristiansen","Male",28,"Ice Hockey",0,0,0,0,"arthur-kristiansen-1","winter","1952","Norway"
"Gunnar Kroge","Male",21,"Ice Hockey",0,0,0,0,"gunnar-kroge-1","winter","1952","Norway"
"Edvin Landsem","Male",26,"Cross Country Skiing",0,0,0,0,"edvin-landsem-1","winter","1952","Norway"
"Johnny Larntvet","Male",35,"Ice Hockey",0,0,0,0,"johnny-larntvet-1","winter","1952","Norway"
"Johnny Lunde","Male",28,"Alpine Skiing",0,0,0,0,"johnny-lunde-1","winter","1952","Norway"
"Harald Maartmann","Male",26,"Cross Country Skiing",0,0,0,0,"harald-maartmann-1","winter","1952","Norway"
"Ivar Martinsen","Male",31,"Speed Skating",0,0,0,0,"ivar-martinsen-1","winter","1952","Norway"
"Ingeborg Nilsson","Female",27,"Figure Skating",0,0,0,0,"ingeborg-nilsson-1","winter","1952","Norway"
"Borghild Niskin","Female",27,"Alpine Skiing",0,0,0,0,"borghild-niskin-1","winter","1952","Norway"
"Ingar Nordlund","Male",29,"Speed Skating",0,0,0,0,"ingar-nordlund-1","winter","1952","Norway"
"Halvor N√¶s","Male",23,"Ski Jumping",0,0,0,0,"halvor-naes-1","winter","1952","Norway"
"Alf Opheim","Male",31,"Alpine Skiing",0,0,0,0,"alf-opheim-1","winter","1952","Norway"
"Roar Pedersen","Male",24,"Ice Hockey",0,0,0,0,"roar-pedersen-1","winter","1952","Norway"
"Annar Petersen","Male",20,"Ice Hockey",0,0,0,0,"annar-petersen-1","winter","1952","Norway"
"Gina Regland-Sigstad","Female",24,"Cross Country Skiing",0,0,0,0,"gina-regland-sigstad-1","winter","1952","Norway"
"Per Rollum","Male",23,"Alpine Skiing",0,0,0,0,"per-rollum-1","winter","1952","Norway"
"Ragnar Rygel","Male",21,"Ice Hockey",0,0,0,0,"ragnar-rygel-1","winter","1952","Norway"
"Arne R√∏gden","Male",34,"Bobsleigh",0,0,0,0,"arne-rogden-1","winter","1952","Norway"
"Bj√∏rg Skj√¶laaen","Female",18,"Figure Skating",0,0,0,0,"bjorg-skjaelaaen-1","winter","1952","Norway"
"Leif Solheim","Male",19,"Ice Hockey",0,0,0,0,"leif-solheim-1","winter","1952","Norway"
"√<U+0098>ivind Solheim","Male",23,"Ice Hockey",0,0,0,0,"oivind-solheim-1","winter","1952","Norway"
"Nic Stene","Male",30,"Speed Skating",0,0,0,0,"nic-stene-1","winter","1952","Norway"
"Roy Strandem","Male",19,"Ice Hockey",0,0,0,0,"roy-strandem-1","winter","1952","Norway"
"Karen-Sofie Styrmoe","Female",21,"Alpine Skiing",0,0,0,0,"karen-sofie-styrmoe-1","winter","1952","Norway"
"Sigmund S√∏fteland","Male",28,"Speed Skating",0,0,0,0,"sigmund-softeland-1","winter","1952","Norway"
"Erik Tandberg","Male",38,"Bobsleigh",0,0,0,0,"erik-tandberg-1","winter","1952","Norway"
"Gunnar Thoresen","Male",30,"Bobsleigh",0,0,0,0,"gunnar-thoresen-2","winter","1952","Norway"
"Per Voigt","Male",21,"Ice Hockey",0,0,0,0,"per-voigt-1","winter","1952","Norway"
"Rakel Wahl","Female",30,"Cross Country Skiing",0,0,0,0,"rakel-wahl-1","winter","1952","Norway"
"Bj√∏rg L√∏hnner √<U+0098>ien","Female",23,"Figure Skating",0,0,0,0,"bjorg-lohnner-oien-1","winter","1952","Norway"
"Marit √<U+0098>iseth","Female",23,"Cross Country Skiing",0,0,0,0,"marit-oiseth-1","winter","1952","Norway"
"Olav √<U+0098>kern","Male",40,"Cross Country Skiing",0,0,0,0,"olav-okern-1","winter","1952","Norway"
"Micha≈<U+0082> Antuszewicz","Male",42,"Ice Hockey",0,0,0,0,"michal-antuszewicz-1","winter","1952","Poland"
"Henryk Bromowicz","Male",27,"Ice Hockey",0,0,0,0,"henryk-bromowicz-1","winter","1952","Poland"
"Kazimierz Chodakowski","Male",22,"Ice Hockey",0,0,0,0,"kazimierz-chodakowski-1","winter","1952","Poland"
"Stefan Csorich","Male",30,"Ice Hockey",0,0,0,0,"stefan-csorich-1","winter","1952","Poland"
"Andrzej Czarniak","Male",20,"Alpine Skiing",0,0,0,0,"andrzej-czarniak-1","winter","1952","Poland"
"Rudolf Czech","Male",21,"Ice Hockey",0,0,0,0,"rudolf-czech-1","winter","1952","Poland"
"Stefan Dziedzic","Male",24,"Alpine Skiing",0,0,0,0,"stefan-dziedzic-1","winter","1952","Poland"
"Alfred Gansiniec","Male",32,"Ice Hockey",0,0,0,0,"alfred-gansiniec-1","winter","1952","Poland"
"Jan Gƒ<U+0085>sienica Ciaptak","Male",29,"Alpine Skiing",0,0,0,0,"jan-gasienica-ciaptak-1","winter","1952","Poland"
"Andrzej Gƒ<U+0085>sienica Roj","Male",21,"Alpine Skiing",0,0,0,0,"andrzej-gasienica-roj-1","winter","1952","Poland"
"Barbara Grocholska","Female",24,"Alpine Skiing",0,0,0,0,"barbara-grocholska-1","winter","1952","Poland"
"Jan Hampel","Male",18,"Ice Hockey",0,0,0,0,"jan-hampel-1","winter","1952","Poland"
"Marian Je≈ºak","Male",23,"Ice Hockey",0,0,0,0,"marian-jezak-1","winter","1952","Poland"
"Teresa Kodelska","Female",23,"Alpine Skiing",0,0,0,0,"teresa-kodelska-1","winter","1952","Poland"
"Maria Kowalska","Female",22,"Alpine Skiing",0,0,0,0,"maria-kowalska-1","winter","1952","Poland"
"Tadeusz Kwapie≈<U+0084>","Male",28,"Cross Country Skiing",0,0,0,0,"tadeusz-kwapien-1","winter","1952","Poland"
"Eugeniusz Lewacki","Male",26,"Ice Hockey",0,0,0,0,"eugeniusz-lewacki-1","winter","1952","Poland"
"J√≥zef Marusarz","Male",26,"Alpine Skiing",0,0,0,0,"jozef-marusarz-1","winter","1952","Poland"
"Stanis≈<U+0082>aw Marusarz","Male",38,"Ski Jumping",0,0,0,0,"stanislaw-marusarz-1","winter","1952","Poland"
"Roman Penczek","Male",22,"Ice Hockey",0,0,0,0,"roman-penczek-1","winter","1952","Poland"
"Jan P≈<U+0082>onka","Male",31,"Alpine Skiing",0,0,0,0,"jan-plonka-1","winter","1952","Poland"
"Hilary Skar≈ºy≈<U+0084>ski","Male",26,"Ice Hockey",0,0,0,0,"hilary-skarzynski-1","winter","1952","Poland"
"Tadeusz ≈<U+009A>wicarz","Male",31,"Ice Hockey",0,0,0,0,"tadeusz-swicarz-1","winter","1952","Poland"
"Stanis≈<U+0082>aw Szlendak","Male",31,"Ice Hockey",0,0,0,0,"stanislaw-szlendak-1","winter","1952","Poland"
"Leopold Tajner","Male",30,"Ski Jumping",0,0,0,0,"leopold-tajner-1","winter","1952","Poland"
"Zdzis≈<U+0082>aw Trojanowski","Male",23,"Ice Hockey",0,0,0,0,"zdzislaw-trojanowski-1","winter","1952","Poland"
"Jakub Wƒ<U+0099>grzynkiewicz","Male",23,"Ski Jumping",0,0,0,0,"jakub-wegrzynkiewicz-1","winter","1952","Poland"
"Antoni Wieczorek","Male",27,"Ski Jumping",0,0,0,0,"antoni-wieczorek-1","winter","1952","Poland"
"Alfred Wr√≥bel","Male",24,"Ice Hockey",0,0,0,0,"alfred-wrobel-1","winter","1952","Poland"
"Antoni Wr√≥bel","Male",29,"Ice Hockey",0,0,0,0,"antoni-wrobel-1","winter","1952","Poland"
"Duarte Silva","Male",27,"Alpine Skiing",0,0,0,0,"duarte-silva-1","winter","1952","Portugal"
"Manole Aldescu","Male",22,"Cross Country Skiing",0,0,0,0,"manole-aldescu-1","winter","1952","Romania"
"Mihai B√Ærƒ<U+0083>, Sr.","Male",22,"Alpine Skiing",0,0,0,0,"mihai-bira-sr-1","winter","1952","Romania"
"Ion Ca»<U+0099>a","Male",25,"Alpine Skiing",0,0,0,0,"ion-casa-1","winter","1952","Romania"
"Ion Coliban","Male",26,"Alpine Skiing",0,0,0,0,"ion-coliban-1","winter","1952","Romania"
"Cornel Nicolae Crƒ<U+0083>ciun","Male",26,"Cross Country Skiing, Nordic Combined",0,0,0,0,"cornel-nicolae-craciun-1","winter","1952","Romania"
"Moise Crƒ<U+0083>ciun","Male",24,"Cross Country Skiing",0,0,0,0,"moise-craciun-1","winter","1952","Romania"
"Constantin Enache","Male",23,"Cross Country Skiing",0,0,0,0,"constantin-enache-1","winter","1952","Romania"
"Dumitru Frƒ<U+0083>»<U+009B>ilƒ<U+0083>","Male",25,"Cross Country Skiing",0,0,0,0,"dumitru-fratila-2","winter","1952","Romania"
"»<U+0098>tefan Ghi»<U+009B>ƒ<U+0083>","Male",25,"Alpine Skiing",0,0,0,0,"stefan-ghita-1","winter","1952","Romania"
"Ion Hebedeanu","Male",26,"Cross Country Skiing",0,0,0,0,"ion-hebedeanu-1","winter","1952","Romania"
"Andrei Kovacs","Male",30,"Alpine Skiing",0,0,0,0,"andrei-kovacs-1","winter","1952","Romania"
"Florea Lepƒ<U+0083>datu","Male",25,"Cross Country Skiing",0,0,0,0,"florea-lepadatu-1","winter","1952","Romania"
"Gheorghe Olteanu","Male",25,"Cross Country Skiing",0,0,0,0,"gheorghe-olteanu-1","winter","1952","Romania"
"Radu Sc√Ærneci","Male",25,"Alpine Skiing",0,0,0,0,"radu-scirneci-1","winter","1952","Romania"
"Dumitru Sulicƒ<U+0083>","Male",30,"Alpine Skiing",0,0,0,0,"dumitru-sulica-1","winter","1952","Romania"
"Ion Sumedrea","Male",26,"Cross Country Skiing",0,0,0,0,"ion-sumedrea-1","winter","1952","Romania"
"Luis Arias","Male",21,"Alpine Skiing",0,0,0,0,"luis-arias-1","winter","1952","Spain"
"Luis Moln√©","Male",25,"Alpine Skiing",0,0,0,0,"luis-molne-1","winter","1952","Spain"
"Juan Poll","Male",24,"Alpine Skiing",0,0,0,0,"juan-poll-1","winter","1952","Spain"
"Francisco Viladomat","Male",20,"Alpine Skiing",0,0,0,0,"francisco-viladomat-1","winter","1952","Spain"
"G√∂te Almqvist","Male",30,"Ice Hockey",0,0,1,1,"gote-almqvist-1","winter","1952","Sweden"
"√<U+0085>ke Andersson","Male",33,"Ice Hockey",0,0,1,1,"ake-andersson-2","winter","1952","Sweden"
"Sigurd Andersson","Male",25,"Cross Country Skiing",0,0,1,1,"sigurd-andersson-1","winter","1952","Sweden"
"Hans Andersson-Tvilling","Male",23,"Ice Hockey",0,0,1,1,"hans-andersson-tvilling-1","winter","1952","Sweden"
"Stig Andersson-Tvilling","Male",23,"Ice Hockey",0,0,1,1,"stig-andersson-tvilling-1","winter","1952","Sweden"
"Carl-Erik Asplund","Male",28,"Speed Skating",0,0,1,1,"carl-erik-asplund-1","winter","1952","Sweden"
"Lars Bj√∂rn","Male",20,"Ice Hockey",0,0,1,1,"lars-bjorn-1","winter","1952","Sweden"
"G√∂te Blomqvist","Male",24,"Ice Hockey",0,0,1,1,"gote-blomqvist-1","winter","1952","Sweden"
"Thord Flodqvist","Male",25,"Ice Hockey",0,0,1,1,"thord-flodqvist-1","winter","1952","Sweden"
"Karl Holmstr√∂m","Male",26,"Ski Jumping",0,0,1,1,"karl-holmstrom-1","winter","1952","Sweden"
"Erik Johansson","Male",24,"Ice Hockey",0,0,1,1,"erik-johansson-2","winter","1952","Sweden"
"G√∂sta Johansson","Male",22,"Ice Hockey",0,0,1,1,"gosta-johansson-1","winter","1952","Sweden"
"Rune Johansson","Male",31,"Ice Hockey",0,0,1,1,"rune-johansson-1","winter","1952","Sweden"
"Sven Johansson","Male",20,"Ice Hockey",0,0,1,1,"sven-johansson-4","winter","1952","Sweden"
"Enar Josefsson","Male",35,"Cross Country Skiing",0,0,1,1,"enar-josefsson-1","winter","1952","Sweden"
"√<U+0085>ke Lassas","Male",27,"Ice Hockey",0,0,1,1,"ake-lassas-1","winter","1952","Sweden"
"Martin Lundstr√∂m","Male",33,"Cross Country Skiing",0,0,1,1,"martin-lundstrom-1","winter","1952","Sweden"
"Holger Nurmela","Male",31,"Ice Hockey",0,0,1,1,"holger-nurmela-1","winter","1952","Sweden"
"Hans √<U+0096>berg","Male",25,"Ice Hockey",0,0,1,1,"hans-oberg-1","winter","1952","Sweden"
"Lars Pettersson","Male",26,"Ice Hockey",0,0,1,1,"lars-pettersson-1","winter","1952","Sweden"
"Lars Svensson","Male",25,"Ice Hockey",0,0,1,1,"lars-svensson-1","winter","1952","Sweden"
"Nils T√§pp","Male",34,"Cross Country Skiing",0,0,1,1,"nils-tapp-1","winter","1952","Sweden"
"Sven Thunman","Male",31,"Ice Hockey",0,0,1,1,"sven-thunman-1","winter","1952","Sweden"
"Kerstin Ahlqvist","Female",24,"Alpine Skiing",0,0,0,0,"kerstin-ahlqvist-1","winter","1952","Sweden"
"Gunnar √<U+0085>hs","Male",36,"Bobsleigh",0,0,0,0,"gunnar-ahs-1","winter","1952","Sweden"
"Margit Albrechtsson","Female",34,"Cross Country Skiing",0,0,0,0,"margit-albrechtsson-1","winter","1952","Sweden"
"Eivor Alm","Female",27,"Cross Country Skiing",0,0,0,0,"eivor-alm-1","winter","1952","Sweden"
"Olle Axelson","Male",38,"Bobsleigh",0,0,0,0,"olle-axelson-1","winter","1952","Sweden"
"Ulf Berendt","Male",21,"Figure Skating",0,0,0,0,"ulf-berendt-1","winter","1952","Sweden"
"Mats Bolmstedt","Male",31,"Speed Skating",0,0,0,0,"mats-bolmstedt-1","winter","1952","Sweden"
"Olle Dalman","Male",29,"Alpine Skiing",0,0,0,0,"olle-dalman-1","winter","1952","Sweden"
"Jan de Man Lapidoth","Male",36,"Bobsleigh",0,0,0,0,"jan-de-man-lapidoth-1","winter","1952","Sweden"
"Sonja Edstr√∂m-Ruthstr√∂m","Female",21,"Cross Country Skiing",0,0,0,0,"sonja-edstrom-ruthstrom-1","winter","1952","Sweden"
"Lars-Erik Efverstr√∂m","Male",26,"Cross Country Skiing, Nordic Combined",0,0,0,0,"lars-erik-efverstrom-1","winter","1952","Sweden"
"B√∂rje Ekedahl","Male",23,"Bobsleigh",0,0,0,0,"borje-ekedahl-1","winter","1952","Sweden"
"Erik Elms√§ter","Male",32,"Cross Country Skiing, Nordic Combined",0,0,0,0,"erik-elmsater-1","winter","1952","Sweden"
"Ingrid Englund","Female",25,"Alpine Skiing",0,0,0,0,"ingrid-englund-1","winter","1952","Sweden"
"Sigvard Ericsson","Male",21,"Speed Skating",0,0,0,0,"sigvard-ericsson-1","winter","1952","Sweden"
"Gunnar Eriksson","Male",31,"Cross Country Skiing",0,0,0,0,"gunnar-eriksson-1","winter","1952","Sweden"
"Felix Fernstr√∂m","Male",35,"Bobsleigh",0,0,0,0,"felix-fernstrom-1","winter","1952","Sweden"
"John Fredriksson","Male",28,"Alpine Skiing",0,0,0,0,"john-fredriksson-1","winter","1952","Sweden"
"Gunnar Garp√∂","Male",32,"Bobsleigh",0,0,0,0,"gunnar-garpo-1","winter","1952","Sweden"
"Gunnar Hallkvist","Male",33,"Speed Skating",0,0,0,0,"gunnar-hallkvist-1","winter","1952","Sweden"
"G√∂the Hedlund","Male",33,"Speed Skating",0,0,0,0,"gothe-hedlund-1","winter","1952","Sweden"
"Arthur Herrdin","Male",33,"Cross Country Skiing",0,0,0,0,"arthur-herrdin-1","winter","1952","Sweden"
"Kjell Holmstr√∂m","Male",35,"Bobsleigh",0,0,0,0,"kjell-holmstrom-1","winter","1952","Sweden"
"Sixten Isberg","Male",31,"Alpine Skiing",0,0,0,0,"sixten-isberg-1","winter","1952","Sweden"
"Margareta Jacobsson","Female",22,"Alpine Skiing",0,0,0,0,"margareta-jacobsson-1","winter","1952","Sweden"
"Nils Karlsson","Male",34,"Cross Country Skiing",0,0,0,0,"nils-karlsson-1","winter","1952","Sweden"
"Nils Landgren","Male",28,"Bobsleigh",0,0,0,0,"nils-landgren-1","winter","1952","Sweden"
"Stig Lindberg","Male",30,"Speed Skating",0,0,0,0,"stig-lindberg-2","winter","1952","Sweden"
"Thure Lindgren","Male",30,"Ski Jumping",0,0,0,0,"thure-lindgren-1","winter","1952","Sweden"
"Britta Lindmark","Female",22,"Figure Skating",0,0,0,0,"britta-lindmark-1","winter","1952","Sweden"
"Bengt Malmsten","Male",29,"Speed Skating",0,0,0,0,"bengt-malmsten-1","winter","1952","Sweden"
"√<U+0085>ke Nilsson","Male",24,"Alpine Skiing",0,0,0,0,"ake-nilsson-3","winter","1952","Sweden"
"M√§rta Norberg","Female",29,"Cross Country Skiing",0,0,0,0,"marta-norberg-1","winter","1952","Sweden"
"Hans Nordin","Male",21,"Ski Jumping",0,0,0,0,"hans-nordin-1","winter","1952","Sweden"
"Gunnar √<U+0096>stberg","Male",29,"Cross Country Skiing",0,0,0,0,"gunnar-ostberg-1","winter","1952","Sweden"
"Bror √<U+0096>stman","Male",23,"Ski Jumping",0,0,0,0,"bror-ostman-1","winter","1952","Sweden"
"Lennart Sandin","Male",32,"Bobsleigh",0,0,0,0,"lennart-sandin-1","winter","1952","Sweden"
"Stig Sollander","Male",25,"Alpine Skiing",0,0,0,0,"stig-sollander-1","winter","1952","Sweden"
"Gunnar Str√∂m","Male",21,"Speed Skating",0,0,0,0,"gunnar-strom-1","winter","1952","Sweden"
"Sarah Thomasson","Female",26,"Alpine Skiing",0,0,0,0,"sarah-thomasson-1","winter","1952","Sweden"
"Anders T√∂rnkvist","Male",31,"Cross Country Skiing",0,0,0,0,"anders-tornkvist-1","winter","1952","Sweden"
"John Wickstr√∂m","Male",24,"Speed Skating",0,0,0,0,"john-wickstrom-1","winter","1952","Sweden"
"Fritz Feierabend","Male",43,"Bobsleigh",0,0,2,2,"fritz-feierabend-1","winter","1952","Switzerland"
"Stephan Waser","Male",31,"Bobsleigh",0,0,2,2,"stephan-waser-1","winter","1952","Switzerland"
"Andr√© Filippini","Male",27,"Bobsleigh",0,0,1,1,"andre-filippini-1","winter","1952","Switzerland"
"Albert Mad√∂rin","Male",46,"Bobsleigh",0,0,1,1,"albert-madorin-1","winter","1952","Switzerland"
"Edm√©e Abetel","Female",29,"Alpine Skiing",0,0,0,0,"edmee-abetel-1","winter","1952","Switzerland"
"Olivia Ausoni","Female",28,"Alpine Skiing",0,0,0,0,"olivia-ausoni-1","winter","1952","Switzerland"
"Hans B√§nninger","Male",27,"Ice Hockey",0,0,0,0,"hans-banninger-1","winter","1952","Switzerland"
"Gian Bazzi","Male",20,"Ice Hockey",0,0,0,0,"gian-bazzi-1","winter","1952","Switzerland"
"Otto Beyeler","Male",25,"Cross Country Skiing",0,0,0,0,"otto-beyeler-1","winter","1952","Switzerland"
"Fran√ßois Blank","Male",21,"Ice Hockey",0,0,0,0,"francois-blank-1","winter","1952","Switzerland"
"Karl Bricker","Male",28,"Cross Country Skiing",0,0,0,0,"karl-bricker-1","winter","1952","Switzerland"
"Franz Bumann","Male",27,"Alpine Skiing",0,0,0,0,"franz-bumann-1","winter","1952","Switzerland"
"Bixio Celio","Male",23,"Ice Hockey",0,0,0,0,"bixio-celio-1","winter","1952","Switzerland"
"Madeleine Chamot-Berthod","Female",21,"Alpine Skiing",0,0,0,0,"madeleine-chamot-berthod-1","winter","1952","Switzerland"
"Andreas D√§scher","Male",24,"Ski Jumping",0,0,0,0,"andreas-dascher-1","winter","1952","Switzerland"
"Hans D√§scher","Male",21,"Ski Jumping",0,0,0,0,"hans-dascher-1","winter","1952","Switzerland"
"Reto Delnon","Male",27,"Ice Hockey",0,0,0,0,"reto-delnon-1","winter","1952","Switzerland"
"Walter Paul D√ºrst","Male",24,"Ice Hockey",0,0,0,0,"walter-paul-durst-1","winter","1952","Switzerland"
"Felix Endrich","Male",30,"Bobsleigh",0,0,0,0,"felix-endrich-1","winter","1952","Switzerland"
"Silvia Glatthard","Female",21,"Alpine Skiing",0,0,0,0,"silvia-glatthard-1","winter","1952","Switzerland"
"√<U+0089>mile Golaz","Male",24,"Ice Hockey",0,0,0,0,"emile-golaz-1","winter","1952","Switzerland"
"Michel Grandjean","Male",20,"Figure Skating",0,0,0,0,"michel-grandjean-1","winter","1952","Switzerland"
"Silvia Grandjean","Female",17,"Figure Skating",0,0,0,0,"silvia-grandjean-1","winter","1952","Switzerland"
"Fernand Grosjean","Male",27,"Alpine Skiing",0,0,0,0,"fernand-grosjean-1","winter","1952","Switzerland"
"Emil Handschin","Male",23,"Ice Hockey",0,0,0,0,"emil-handschin-1","winter","1952","Switzerland"
"Karl Hischier","Male",27,"Cross Country Skiing",0,0,0,0,"karl-hischier-1","winter","1952","Switzerland"
"Paul Hofer","Male",23,"Ice Hockey",0,0,0,0,"paul-hofer-1","winter","1952","Switzerland"
"Yolande Jobin","Female",21,"Figure Skating",0,0,0,0,"yolande-jobin-1","winter","1952","Switzerland"
"Franz Kapus","Male",42,"Bobsleigh",0,0,0,0,"franz-kapus-1","winter","1952","Switzerland"
"Fritz Kocher","Male",23,"Cross Country Skiing",0,0,0,0,"fritz-kocher-1","winter","1952","Switzerland"
"Alfred Kronig","Male",23,"Cross Country Skiing",0,0,0,0,"alfred-kronig-1","winter","1952","Switzerland"
"Walter L√∂tscher","Male",28,"Cross Country Skiing",0,0,0,0,"walter-lotscher-1","winter","1952","Switzerland"
"Fran√ßois Pache","Male",19,"Figure Skating",0,0,0,0,"francois-pache-1","winter","1952","Switzerland"
"Bernhard Perren","Male",23,"Alpine Skiing",0,0,0,0,"bernhard-perren-1","winter","1952","Switzerland"
"Gottlieb Perren","Male",25,"Alpine Skiing",0,0,0,0,"gottlieb-perren-1","winter","1952","Switzerland"
"Jacques Perreten","Male",24,"Ski Jumping",0,0,0,0,"jacques-perreten-1","winter","1952","Switzerland"
"Willy Pfister","Male",23,"Ice Hockey",0,0,0,0,"willy-pfister-1","winter","1952","Switzerland"
"Gebhard Poltera","Male",28,"Ice Hockey",0,0,0,0,"gebhard-poltera-1","winter","1952","Switzerland"
"Ulrich Poltera","Male",29,"Ice Hockey",0,0,0,0,"ulrich-poltera-1","winter","1952","Switzerland"
"Alfred Roch","Male",26,"Cross Country Skiing",0,0,0,0,"alfred-roch-1","winter","1952","Switzerland"
"Fred Rubi","Male",25,"Alpine Skiing",0,0,0,0,"fred-rubi-1","winter","1952","Switzerland"
"Otto Schl√§pfer","Male",20,"Ice Hockey",0,0,0,0,"otto-schlapfer-1","winter","1952","Switzerland"
"Fritz Schneider","Male",23,"Ski Jumping",0,0,0,0,"fritz-schneider-1","winter","1952","Switzerland"
"Georges Schneider","Male",26,"Alpine Skiing",0,0,0,0,"georges-schneider-1","winter","1952","Switzerland"
"Sepp Schnyder","Male",29,"Cross Country Skiing",0,0,0,0,"sepp-schnyder-1","winter","1952","Switzerland"
"Ida Sch√∂pfer","Female",22,"Alpine Skiing",0,0,0,0,"ida-schopfer-1","winter","1952","Switzerland"
"Otto Schubiger","Male",27,"Ice Hockey",0,0,0,0,"otto-schubiger-1","winter","1952","Switzerland"
"Werner Spring","Male",34,"Bobsleigh",0,0,0,0,"werner-spring-1","winter","1952","Switzerland"
"Fritz St√∂ckli","Male",35,"Bobsleigh",0,0,0,0,"fritz-stockli-1","winter","1952","Switzerland"
"Alfred Streun","Male",26,"Ice Hockey",0,0,0,0,"alfred-streun-1","winter","1952","Switzerland"
"Alfons Supersaxo","Male",25,"Cross Country Skiing, Nordic Combined",0,0,0,0,"alfons-supersaxo-1","winter","1952","Switzerland"
"Hans-Martin Trepp","Male",29,"Ice Hockey",0,0,0,0,"hans-martin-trepp-1","winter","1952","Switzerland"
"Idly Walpoth","Female",31,"Alpine Skiing",0,0,0,0,"idly-walpoth-1","winter","1952","Switzerland"
"Susi Wirz","Female",20,"Figure Skating",0,0,0,0,"susi-wirz-1","winter","1952","Switzerland"
"Paul Wyss","Male",23,"Ice Hockey",0,0,0,0,"paul-wyss-1","winter","1952","Switzerland"
"Andrea Mead-Lawrence","Female",19,"Alpine Skiing",2,0,0,2,"andrea-mead-lawrence-1","winter","1952","United States"
"Stan Benham","Male",38,"Bobsleigh",0,2,0,2,"stan-benham-1","winter","1952","United States"
"Pat Martin","Male",28,"Bobsleigh",0,2,0,2,"pat-martin-1","winter","1952","United States"
"Dick Button","Male",22,"Figure Skating",1,0,0,1,"dick-button-1","winter","1952","United States"
"Ken Henry","Male",23,"Speed Skating",1,0,0,1,"ken-henry-1","winter","1952","United States"
"Tenley Albright","Female",16,"Figure Skating",0,1,0,1,"tenley-albright-1","winter","1952","United States"
"Jim Atkinson","Male",23,"Bobsleigh",0,1,0,1,"jim-atkinson-1","winter","1952","United States"
"Rube Bjorkman","Male",22,"Ice Hockey",0,1,0,1,"rube-bjorkman-1","winter","1952","United States"
"Lenny Ceglarski","Male",25,"Ice Hockey",0,1,0,1,"lenny-ceglarski-1","winter","1952","United States"
"Howard Crossett, Jr.","Male",33,"Bobsleigh",0,1,0,1,"howard-crossett-jr-1","winter","1952","United States"
"Joe Czarnota","Male",26,"Ice Hockey",0,1,0,1,"joe-czarnota-1","winter","1952","United States"
"Dick Desmond","Male",24,"Ice Hockey",0,1,0,1,"dick-desmond-1","winter","1952","United States"
"Andre Gambucci","Male",23,"Ice Hockey",0,1,0,1,"andre-gambucci-1","winter","1952","United States"
"Cliff Harrison","Male",24,"Ice Hockey",0,1,0,1,"cliff-harrison-1","winter","1952","United States"
"Karol Kennedy","Female",20,"Figure Skating",0,1,0,1,"karol-kennedy-1","winter","1952","United States"
"Peter Kennedy","Male",24,"Figure Skating",0,1,0,1,"peter-kennedy-2","winter","1952","United States"
"Gerry Kilmartin","Male",25,"Ice Hockey",0,1,0,1,"gerry-kilmartin-1","winter","1952","United States"
"Don McDermott","Male",22,"Speed Skating",0,1,0,1,"don-mcdermott-1","winter","1952","United States"
"Jack Mulhern","Male",24,"Ice Hockey",0,1,0,1,"jack-mulhern-1","winter","1952","United States"
"John Noah","Male",24,"Ice Hockey",0,1,0,1,"john-noah-1","winter","1952","United States"
"Arnie Oss, Jr.","Male",23,"Ice Hockey",0,1,0,1,"arnie-oss-jr-1","winter","1952","United States"
"Bob Rompre","Male",22,"Ice Hockey",0,1,0,1,"bob-rompre-1","winter","1952","United States"
"Jim Sedin","Male",21,"Ice Hockey",0,1,0,1,"jim-sedin-1","winter","1952","United States"
"Al Van","Male",36,"Ice Hockey",0,1,0,1,"al-van-1","winter","1952","United States"
"Don Whiston","Male",24,"Ice Hockey",0,1,0,1,"don-whiston-1","winter","1952","United States"
"Ken Yackel","Male",21,"Ice Hockey",0,1,0,1,"ken-yackel-1","winter","1952","United States"
"Jim Grogan","Male",20,"Figure Skating",0,0,1,1,"jim-grogan-1","winter","1952","United States"
"Ginny Baxter","Female",19,"Figure Skating",0,0,0,0,"ginny-baxter-1","winter","1952","United States"
"Bill Beck","Male",22,"Alpine Skiing",0,0,0,0,"bill-beck-1","winter","1952","United States"
"Jim Bickford, Jr.","Male",39,"Bobsleigh",0,0,0,0,"jim-bickford-jr-1","winter","1952","United States"
"Al Broadhurst","Male",24,"Speed Skating",0,0,0,0,"al-broadhurst-1","winter","1952","United States"
"Wendell Broomhall","Male",32,"Cross Country Skiing",0,0,0,0,"wendell-broomhall-1","winter","1952","United States"
"Dick Buek","Male",22,"Alpine Skiing",0,0,0,0,"dick-buek-1","winter","1952","United States"
"Chuck Burke","Male",21,"Speed Skating",0,0,0,0,"chuck-burke-1","winter","1952","United States"
"Jannette Burr","Female",24,"Alpine Skiing",0,0,0,0,"jannette-burr-1","winter","1952","United States"
"John Burton","Male",28,"Cross Country Skiing",0,0,0,0,"john-burton-2","winter","1952","United States"
"John Caldwell","Male",23,"Cross Country Skiing, Nordic Combined",0,0,0,0,"john-caldwell-1","winter","1952","United States"
"Art Devlin","Male",29,"Ski Jumping",0,0,0,0,"art-devlin-1","winter","1952","United States"
"Brooks Dodge, Jr.","Male",22,"Alpine Skiing",0,0,0,0,"brooks-dodge-jr-1","winter","1952","United States"
"Ted Farwell, Jr.","Male",21,"Cross Country Skiing, Nordic Combined",0,0,0,0,"ted-farwell-jr-1","winter","1952","United States"
"Bobby Fitzgerald","Male",28,"Speed Skating",0,0,0,0,"bobby-fitzgerald-1","winter","1952","United States"
"Fred Fortune, Jr.","Male",30,"Bobsleigh",0,0,0,0,"fred-fortune-jr-1","winter","1952","United States"
"Janet Gerhauser","Female",19,"Figure Skating",0,0,0,0,"janet-gerhauser-1","winter","1952","United States"
"George Hovland, Jr.","Male",25,"Cross Country Skiing",0,0,0,0,"george-hovland-jr-1","winter","1952","United States"
"Tom Jacobs","Male",25,"Cross Country Skiing, Nordic Combined",0,0,0,0,"tom-jacobs-1","winter","1952","United States"
"Hayes Jenkins","Male",18,"Figure Skating",0,0,0,0,"hayes-jenkins-1","winter","1952","United States"
"Sonya Klopfer","Female",17,"Figure Skating",0,0,0,0,"sonya-klopfer-1","winter","1952","United States"
"David Lawrence","Male",21,"Alpine Skiing",0,0,0,0,"david-lawrence-1","winter","1952","United States"
"Pat McNamara","Male",26,"Speed Skating",0,0,0,0,"pat-mcnamara-1","winter","1952","United States"
"Hubert Miller","Male",33,"Bobsleigh",0,0,0,0,"hubert-miller-1","winter","1952","United States"
"Jack Nagel","Male",26,"Alpine Skiing",0,0,0,0,"jack-nagel-1","winter","1952","United States"
"John Nightingale","Male",23,"Figure Skating",0,0,0,0,"john-nightingale-1","winter","1952","United States"
"Bill Olson","Male",22,"Ski Jumping",0,0,0,0,"bill-olson-1","winter","1952","United States"
"Imogene Opton","Female",19,"Alpine Skiing",0,0,0,0,"imogene-opton-1","winter","1952","United States"
"Robert Pidacks","Male",23,"Cross Country Skiing",0,0,0,0,"robert-pidacks-1","winter","1952","United States"
"Jack Reddish","Male",25,"Alpine Skiing",0,0,0,0,"jack-reddish-1","winter","1952","United States"
"Don Robison","Male",20,"Alpine Skiing",0,0,0,0,"don-robison-1","winter","1952","United States"
"Katy Rodolph","Female",21,"Alpine Skiing",0,0,0,0,"katy-rodolph-1","winter","1952","United States"
"Joe Scott","Male",29,"Bobsleigh",0,0,0,0,"joe-scott-1","winter","1952","United States"
"Maurice Severino","Male",32,"Bobsleigh",0,0,0,0,"maurice-severino-1","winter","1952","United States"
"Art Tokle","Male",29,"Ski Jumping",0,0,0,0,"art-tokle-1","winter","1952","United States"
"Keith Wegeman","Male",22,"Ski Jumping",0,0,0,0,"keith-wegeman-1","winter","1952","United States"
"Paul Wegeman","Male",24,"Nordic Combined",0,0,0,0,"paul-wegeman-1","winter","1952","United States"
"Betty Weir","Female",27,"Alpine Skiing",0,0,0,0,"betty-weir-1","winter","1952","United States"
"Johnny Werket","Male",27,"Speed Skating",0,0,0,0,"johnny-werket-1","winter","1952","United States"
"Hank Whisher","Male",24,"Bobsleigh",0,0,0,0,"hank-whisher-1","winter","1952","United States"
"Nada Birko Kustec","Female",21,"Cross Country Skiing",0,0,0,0,"nada-birko-kustec-1","winter","1952","Yugoslavia"
"Karel Klanƒçnik","Male",34,"Ski Jumping",0,0,0,0,"karel-klancnik-1","winter","1952","Yugoslavia"
"Angela Korde≈æ","Female",25,"Cross Country Skiing",0,0,0,0,"angela-kordez-1","winter","1952","Yugoslavia"
"Tine Mulej","Male",31,"Alpine Skiing",0,0,0,0,"tine-mulej-1","winter","1952","Yugoslavia"
"Janez Polda","Male",27,"Ski Jumping",0,0,0,0,"janez-polda-1","winter","1952","Yugoslavia"
"Janko ≈†tefe","Male",29,"Alpine Skiing",0,0,0,0,"janko-stefe-1","winter","1952","Yugoslavia"
