"zipcode","county_fips","county_name","region"
"15001","42007","Beaver","Greater Pittsburgh"
"15003","42007","Beaver","Greater Pittsburgh"
"15004","42125","Washington","Greater Pittsburgh"
"15005","42007","Beaver","Greater Pittsburgh"
"15006","42003","Allegheny","Greater Pittsburgh"
"15007","42003","Allegheny","Greater Pittsburgh"
"15009","42007","Beaver","Greater Pittsburgh"
"15010","42007","Beaver","Greater Pittsburgh"
"15012","42129","Westmoreland","Greater Pittsburgh"
"15014","42003","Allegheny","Greater Pittsburgh"
"15015","42003","Allegheny","Greater Pittsburgh"
"15017","42003","Allegheny","Greater Pittsburgh"
"15018","42003","Allegheny","Greater Pittsburgh"
"15019","42125","Washington","Greater Pittsburgh"
"15020","42003","Allegheny","Greater Pittsburgh"
"15021","42125","Washington","Greater Pittsburgh"
"15022","42125","Washington","Greater Pittsburgh"
"15024","42003","Allegheny","Greater Pittsburgh"
"15025","42003","Allegheny","Greater Pittsburgh"
"15026","42007","Beaver","Greater Pittsburgh"
"15027","42007","Beaver","Greater Pittsburgh"
"15028","42003","Allegheny","Greater Pittsburgh"
"15030","42003","Allegheny","Greater Pittsburgh"
"15031","42003","Allegheny","Greater Pittsburgh"
"15033","42125","Washington","Greater Pittsburgh"
"15034","42003","Allegheny","Greater Pittsburgh"
"15035","42003","Allegheny","Greater Pittsburgh"
"15037","42003","Allegheny","Greater Pittsburgh"
"15038","42125","Washington","Greater Pittsburgh"
"15042","42007","Beaver","Greater Pittsburgh"
"15043","42007","Beaver","Greater Pittsburgh"
"15044","42003","Allegheny","Greater Pittsburgh"
"15045","42003","Allegheny","Greater Pittsburgh"
"15046","42003","Allegheny","Greater Pittsburgh"
"15047","42003","Allegheny","Greater Pittsburgh"
"15049","42003","Allegheny","Greater Pittsburgh"
"15050","42007","Beaver","Greater Pittsburgh"
"15051","42003","Allegheny","Greater Pittsburgh"
"15052","42007","Beaver","Greater Pittsburgh"
"15053","42125","Washington","Greater Pittsburgh"
"15054","42125","Washington","Greater Pittsburgh"
"15055","42125","Washington","Greater Pittsburgh"
"15056","42003","Allegheny","Greater Pittsburgh"
"15057","42125","Washington","Greater Pittsburgh"
"15059","42007","Beaver","Greater Pittsburgh"
"15060","42125","Washington","Greater Pittsburgh"
"15061","42007","Beaver","Greater Pittsburgh"
"15062","42129","Westmoreland","Greater Pittsburgh"
"15063","42125","Washington","Greater Pittsburgh"
"15064","42003","Allegheny","Greater Pittsburgh"
"15065","42003","Allegheny","Greater Pittsburgh"
"15066","42007","Beaver","Greater Pittsburgh"
"15067","42125","Washington","Greater Pittsburgh"
"15068","42129","Westmoreland","Greater Pittsburgh"
"15071","42003","Allegheny","Greater Pittsburgh"
"15072","42129","Westmoreland","Greater Pittsburgh"
"15074","42007","Beaver","Greater Pittsburgh"
"15075","42003","Allegheny","Greater Pittsburgh"
"15076","42003","Allegheny","Greater Pittsburgh"
"15077","42007","Beaver","Greater Pittsburgh"
"15078","42125","Washington","Greater Pittsburgh"
"15081","42007","Beaver","Greater Pittsburgh"
"15082","42003","Allegheny","Greater Pittsburgh"
"15083","42129","Westmoreland","Greater Pittsburgh"
"15084","42003","Allegheny","Greater Pittsburgh"
"15085","42129","Westmoreland","Greater Pittsburgh"
"15086","42003","Allegheny","Greater Pittsburgh"
"15087","42129","Westmoreland","Greater Pittsburgh"
"15088","42003","Allegheny","Greater Pittsburgh"
"15089","42129","Westmoreland","Greater Pittsburgh"
"15090","42003","Allegheny","Greater Pittsburgh"
"15101","42003","Allegheny","Greater Pittsburgh"
"15102","42003","Allegheny","Greater Pittsburgh"
"15104","42003","Allegheny","Greater Pittsburgh"
"15106","42003","Allegheny","Greater Pittsburgh"
"15108","42003","Allegheny","Greater Pittsburgh"
"15110","42003","Allegheny","Greater Pittsburgh"
"15112","42003","Allegheny","Greater Pittsburgh"
"15116","42003","Allegheny","Greater Pittsburgh"
"15120","42003","Allegheny","Greater Pittsburgh"
"15122","42003","Allegheny","Greater Pittsburgh"
"15123","42003","Allegheny","Greater Pittsburgh"
"15126","42003","Allegheny","Greater Pittsburgh"
"15129","42003","Allegheny","Greater Pittsburgh"
"15131","42003","Allegheny","Greater Pittsburgh"
"15132","42003","Allegheny","Greater Pittsburgh"
"15133","42003","Allegheny","Greater Pittsburgh"
"15135","42003","Allegheny","Greater Pittsburgh"
"15136","42003","Allegheny","Greater Pittsburgh"
"15137","42003","Allegheny","Greater Pittsburgh"
"15139","42003","Allegheny","Greater Pittsburgh"
"15140","42003","Allegheny","Greater Pittsburgh"
"15142","42003","Allegheny","Greater Pittsburgh"
"15143","42003","Allegheny","Greater Pittsburgh"
"15144","42003","Allegheny","Greater Pittsburgh"
"15145","42003","Allegheny","Greater Pittsburgh"
"15146","42003","Allegheny","Greater Pittsburgh"
"15147","42003","Allegheny","Greater Pittsburgh"
"15148","42003","Allegheny","Greater Pittsburgh"
"15201","42003","Allegheny","Greater Pittsburgh"
"15202","42003","Allegheny","Greater Pittsburgh"
"15203","42003","Allegheny","Greater Pittsburgh"
"15204","42003","Allegheny","Greater Pittsburgh"
"15205","42003","Allegheny","Greater Pittsburgh"
"15206","42003","Allegheny","Greater Pittsburgh"
"15207","42003","Allegheny","Greater Pittsburgh"
"15208","42003","Allegheny","Greater Pittsburgh"
"15209","42003","Allegheny","Greater Pittsburgh"
"15210","42003","Allegheny","Greater Pittsburgh"
"15211","42003","Allegheny","Greater Pittsburgh"
"15212","42003","Allegheny","Greater Pittsburgh"
"15213","42003","Allegheny","Greater Pittsburgh"
"15214","42003","Allegheny","Greater Pittsburgh"
"15215","42003","Allegheny","Greater Pittsburgh"
"15216","42003","Allegheny","Greater Pittsburgh"
"15217","42003","Allegheny","Greater Pittsburgh"
"15218","42003","Allegheny","Greater Pittsburgh"
"15219","42003","Allegheny","Greater Pittsburgh"
"15220","42003","Allegheny","Greater Pittsburgh"
"15221","42003","Allegheny","Greater Pittsburgh"
"15222","42003","Allegheny","Greater Pittsburgh"
"15223","42003","Allegheny","Greater Pittsburgh"
"15224","42003","Allegheny","Greater Pittsburgh"
"15225","42003","Allegheny","Greater Pittsburgh"
"15226","42003","Allegheny","Greater Pittsburgh"
"15227","42003","Allegheny","Greater Pittsburgh"
"15228","42003","Allegheny","Greater Pittsburgh"
"15229","42003","Allegheny","Greater Pittsburgh"
"15232","42003","Allegheny","Greater Pittsburgh"
"15233","42003","Allegheny","Greater Pittsburgh"
"15234","42003","Allegheny","Greater Pittsburgh"
"15235","42003","Allegheny","Greater Pittsburgh"
"15236","42003","Allegheny","Greater Pittsburgh"
"15237","42003","Allegheny","Greater Pittsburgh"
"15238","42003","Allegheny","Greater Pittsburgh"
"15239","42003","Allegheny","Greater Pittsburgh"
"15241","42003","Allegheny","Greater Pittsburgh"
"15243","42003","Allegheny","Greater Pittsburgh"
"15275","42003","Allegheny","Greater Pittsburgh"
"15301","42125","Washington","Greater Pittsburgh"
"15310","42059","Greene","Greater Pittsburgh"
"15311","42125","Washington","Greater Pittsburgh"
"15312","42125","Washington","Greater Pittsburgh"
"15313","42125","Washington","Greater Pittsburgh"
"15314","42125","Washington","Greater Pittsburgh"
"15315","42059","Greene","Greater Pittsburgh"
"15316","42059","Greene","Greater Pittsburgh"
"15317","42125","Washington","Greater Pittsburgh"
"15320","42059","Greene","Greater Pittsburgh"
"15321","42125","Washington","Greater Pittsburgh"
"15322","42059","Greene","Greater Pittsburgh"
"15323","42125","Washington","Greater Pittsburgh"
"15324","42125","Washington","Greater Pittsburgh"
"15325","42059","Greene","Greater Pittsburgh"
"15327","42059","Greene","Greater Pittsburgh"
"15329","42125","Washington","Greater Pittsburgh"
"15330","42125","Washington","Greater Pittsburgh"
"15331","42125","Washington","Greater Pittsburgh"
"15332","42125","Washington","Greater Pittsburgh"
"15333","42125","Washington","Greater Pittsburgh"
"15334","42059","Greene","Greater Pittsburgh"
"15337","42059","Greene","Greater Pittsburgh"
"15338","42059","Greene","Greater Pittsburgh"
"15340","42125","Washington","Greater Pittsburgh"
"15341","42059","Greene","Greater Pittsburgh"
"15342","42125","Washington","Greater Pittsburgh"
"15344","42059","Greene","Greater Pittsburgh"
"15345","42125","Washington","Greater Pittsburgh"
"15346","42059","Greene","Greater Pittsburgh"
"15347","42125","Washington","Greater Pittsburgh"
"15348","42125","Washington","Greater Pittsburgh"
"15349","42059","Greene","Greater Pittsburgh"
"15350","42125","Washington","Greater Pittsburgh"
"15351","42059","Greene","Greater Pittsburgh"
"15352","42059","Greene","Greater Pittsburgh"
"15353","42059","Greene","Greater Pittsburgh"
"15357","42059","Greene","Greater Pittsburgh"
"15358","42125","Washington","Greater Pittsburgh"
"15359","42059","Greene","Greater Pittsburgh"
"15360","42125","Washington","Greater Pittsburgh"
"15361","42125","Washington","Greater Pittsburgh"
"15362","42059","Greene","Greater Pittsburgh"
"15363","42125","Washington","Greater Pittsburgh"
"15364","42059","Greene","Greater Pittsburgh"
"15366","42125","Washington","Greater Pittsburgh"
"15367","42125","Washington","Greater Pittsburgh"
"15368","42125","Washington","Greater Pittsburgh"
"15370","42059","Greene","Greater Pittsburgh"
"15376","42125","Washington","Greater Pittsburgh"
"15377","42125","Washington","Greater Pittsburgh"
"15378","42125","Washington","Greater Pittsburgh"
"15379","42125","Washington","Greater Pittsburgh"
"15380","42059","Greene","Greater Pittsburgh"
"15401","42051","Fayette","Greater Pittsburgh"
"15410","42051","Fayette","Greater Pittsburgh"
"15411","42111","Somerset","Greater Pittsburgh"
"15412","42125","Washington","Greater Pittsburgh"
"15413","42051","Fayette","Greater Pittsburgh"
"15417","42051","Fayette","Greater Pittsburgh"
"15419","42125","Washington","Greater Pittsburgh"
"15420","42051","Fayette","Greater Pittsburgh"
"15421","42051","Fayette","Greater Pittsburgh"
"15422","42051","Fayette","Greater Pittsburgh"
"15423","42125","Washington","Greater Pittsburgh"
"15424","42111","Somerset","Greater Pittsburgh"
"15425","42051","Fayette","Greater Pittsburgh"
"15427","42125","Washington","Greater Pittsburgh"
"15428","42051","Fayette","Greater Pittsburgh"
"15429","42125","Washington","Greater Pittsburgh"
"15430","42051","Fayette","Greater Pittsburgh"
"15431","42051","Fayette","Greater Pittsburgh"
"15432","42125","Washington","Greater Pittsburgh"
"15433","42051","Fayette","Greater Pittsburgh"
"15434","42125","Washington","Greater Pittsburgh"
"15435","42051","Fayette","Greater Pittsburgh"
"15436","42051","Fayette","Greater Pittsburgh"
"15437","42051","Fayette","Greater Pittsburgh"
"15438","42051","Fayette","Greater Pittsburgh"
"15440","42051","Fayette","Greater Pittsburgh"
"15442","42051","Fayette","Greater Pittsburgh"
"15443","42051","Fayette","Greater Pittsburgh"
"15444","42051","Fayette","Greater Pittsburgh"
"15445","42051","Fayette","Greater Pittsburgh"
"15446","42051","Fayette","Greater Pittsburgh"
"15447","42051","Fayette","Greater Pittsburgh"
"15448","42129","Westmoreland","Greater Pittsburgh"
"15449","42051","Fayette","Greater Pittsburgh"
"15450","42051","Fayette","Greater Pittsburgh"
"15451","42051","Fayette","Greater Pittsburgh"
"15454","42051","Fayette","Greater Pittsburgh"
"15455","42051","Fayette","Greater Pittsburgh"
"15456","42051","Fayette","Greater Pittsburgh"
"15458","42051","Fayette","Greater Pittsburgh"
"15459","42051","Fayette","Greater Pittsburgh"
"15460","42051","Fayette","Greater Pittsburgh"
"15461","42051","Fayette","Greater Pittsburgh"
"15462","42051","Fayette","Greater Pittsburgh"
"15463","42051","Fayette","Greater Pittsburgh"
"15464","42051","Fayette","Greater Pittsburgh"
"15466","42051","Fayette","Greater Pittsburgh"
"15467","42051","Fayette","Greater Pittsburgh"
"15468","42051","Fayette","Greater Pittsburgh"
"15469","42051","Fayette","Greater Pittsburgh"
"15470","42051","Fayette","Greater Pittsburgh"
"15472","42051","Fayette","Greater Pittsburgh"
"15473","42051","Fayette","Greater Pittsburgh"
"15474","42051","Fayette","Greater Pittsburgh"
"15475","42051","Fayette","Greater Pittsburgh"
"15476","42051","Fayette","Greater Pittsburgh"
"15477","42125","Washington","Greater Pittsburgh"
"15478","42051","Fayette","Greater Pittsburgh"
"15479","42129","Westmoreland","Greater Pittsburgh"
"15480","42051","Fayette","Greater Pittsburgh"
"15482","42051","Fayette","Greater Pittsburgh"
"15483","42125","Washington","Greater Pittsburgh"
"15484","42051","Fayette","Greater Pittsburgh"
"15486","42051","Fayette","Greater Pittsburgh"
"15489","42051","Fayette","Greater Pittsburgh"
"15490","42051","Fayette","Greater Pittsburgh"
"15492","42051","Fayette","Greater Pittsburgh"
"15501","42111","Somerset","Greater Pittsburgh"
"15502","42111","Somerset","Greater Pittsburgh"
"15510","42111","Somerset","Greater Pittsburgh"
"15520","42111","Somerset","Greater Pittsburgh"
"15521","42009","Bedford","South central"
"15522","42009","Bedford","South central"
"15530","42111","Somerset","Greater Pittsburgh"
"15531","42111","Somerset","Greater Pittsburgh"
"15532","42111","Somerset","Greater Pittsburgh"
"15533","42009","Bedford","South central"
"15534","42009","Bedford","South central"
"15535","42009","Bedford","South central"
"15536","42057","Fulton","South central"
"15537","42009","Bedford","South central"
"15538","42111","Somerset","Greater Pittsburgh"
"15539","42009","Bedford","South central"
"15540","42111","Somerset","Greater Pittsburgh"
"15541","42111","Somerset","Greater Pittsburgh"
"15542","42111","Somerset","Greater Pittsburgh"
"15544","42111","Somerset","Greater Pittsburgh"
"15545","42009","Bedford","South central"
"15546","42111","Somerset","Greater Pittsburgh"
"15547","42111","Somerset","Greater Pittsburgh"
"15550","42009","Bedford","South central"
"15551","42111","Somerset","Greater Pittsburgh"
"15552","42111","Somerset","Greater Pittsburgh"
"15554","42009","Bedford","South central"
"15555","42111","Somerset","Greater Pittsburgh"
"15557","42111","Somerset","Greater Pittsburgh"
"15558","42111","Somerset","Greater Pittsburgh"
"15559","42009","Bedford","South central"
"15560","42111","Somerset","Greater Pittsburgh"
"15561","42111","Somerset","Greater Pittsburgh"
"15562","42111","Somerset","Greater Pittsburgh"
"15563","42111","Somerset","Greater Pittsburgh"
"15564","42111","Somerset","Greater Pittsburgh"
"15601","42129","Westmoreland","Greater Pittsburgh"
"15606","42129","Westmoreland","Greater Pittsburgh"
"15610","42129","Westmoreland","Greater Pittsburgh"
"15611","42129","Westmoreland","Greater Pittsburgh"
"15612","42129","Westmoreland","Greater Pittsburgh"
"15613","42129","Westmoreland","Greater Pittsburgh"
"15615","42129","Westmoreland","Greater Pittsburgh"
"15616","42129","Westmoreland","Greater Pittsburgh"
"15617","42129","Westmoreland","Greater Pittsburgh"
"15618","42129","Westmoreland","Greater Pittsburgh"
"15620","42129","Westmoreland","Greater Pittsburgh"
"15621","42129","Westmoreland","Greater Pittsburgh"
"15622","42051","Fayette","Greater Pittsburgh"
"15623","42129","Westmoreland","Greater Pittsburgh"
"15624","42129","Westmoreland","Greater Pittsburgh"
"15625","42129","Westmoreland","Greater Pittsburgh"
"15626","42129","Westmoreland","Greater Pittsburgh"
"15627","42129","Westmoreland","Greater Pittsburgh"
"15628","42129","Westmoreland","Greater Pittsburgh"
"15629","42129","Westmoreland","Greater Pittsburgh"
"15631","42051","Fayette","Greater Pittsburgh"
"15632","42129","Westmoreland","Greater Pittsburgh"
"15633","42129","Westmoreland","Greater Pittsburgh"
"15634","42129","Westmoreland","Greater Pittsburgh"
"15635","42129","Westmoreland","Greater Pittsburgh"
"15636","42129","Westmoreland","Greater Pittsburgh"
"15637","42129","Westmoreland","Greater Pittsburgh"
"15638","42129","Westmoreland","Greater Pittsburgh"
"15639","42129","Westmoreland","Greater Pittsburgh"
"15640","42129","Westmoreland","Greater Pittsburgh"
"15641","42129","Westmoreland","Greater Pittsburgh"
"15642","42129","Westmoreland","Greater Pittsburgh"
"15644","42129","Westmoreland","Greater Pittsburgh"
"15646","42129","Westmoreland","Greater Pittsburgh"
"15647","42129","Westmoreland","Greater Pittsburgh"
"15650","42129","Westmoreland","Greater Pittsburgh"
"15655","42129","Westmoreland","Greater Pittsburgh"
"15656","42129","Westmoreland","Greater Pittsburgh"
"15658","42129","Westmoreland","Greater Pittsburgh"
"15660","42129","Westmoreland","Greater Pittsburgh"
"15661","42129","Westmoreland","Greater Pittsburgh"
"15662","42129","Westmoreland","Greater Pittsburgh"
"15663","42129","Westmoreland","Greater Pittsburgh"
"15665","42129","Westmoreland","Greater Pittsburgh"
"15666","42129","Westmoreland","Greater Pittsburgh"
"15668","42129","Westmoreland","Greater Pittsburgh"
"15670","42129","Westmoreland","Greater Pittsburgh"
"15671","42129","Westmoreland","Greater Pittsburgh"
"15672","42129","Westmoreland","Greater Pittsburgh"
"15673","42005","Armstrong","Greater Pittsburgh"
"15675","42129","Westmoreland","Greater Pittsburgh"
"15676","42129","Westmoreland","Greater Pittsburgh"
"15677","42129","Westmoreland","Greater Pittsburgh"
"15678","42129","Westmoreland","Greater Pittsburgh"
"15679","42129","Westmoreland","Greater Pittsburgh"
"15680","42129","Westmoreland","Greater Pittsburgh"
"15681","42063","Indiana","Greater Pittsburgh"
"15683","42129","Westmoreland","Greater Pittsburgh"
"15684","42129","Westmoreland","Greater Pittsburgh"
"15686","42005","Armstrong","Greater Pittsburgh"
"15687","42129","Westmoreland","Greater Pittsburgh"
"15688","42129","Westmoreland","Greater Pittsburgh"
"15689","42129","Westmoreland","Greater Pittsburgh"
"15690","42129","Westmoreland","Greater Pittsburgh"
"15691","42129","Westmoreland","Greater Pittsburgh"
"15692","42129","Westmoreland","Greater Pittsburgh"
"15693","42129","Westmoreland","Greater Pittsburgh"
"15695","42129","Westmoreland","Greater Pittsburgh"
"15696","42129","Westmoreland","Greater Pittsburgh"
"15697","42129","Westmoreland","Greater Pittsburgh"
"15698","42129","Westmoreland","Greater Pittsburgh"
"15701","42063","Indiana","Greater Pittsburgh"
"15710","42063","Indiana","Greater Pittsburgh"
"15711","42065","Jefferson","Northwest"
"15712","42063","Indiana","Greater Pittsburgh"
"15713","42063","Indiana","Greater Pittsburgh"
"15714","42021","Cambria","Greater Pittsburgh"
"15715","42065","Jefferson","Northwest"
"15716","42063","Indiana","Greater Pittsburgh"
"15717","42063","Indiana","Greater Pittsburgh"
"15721","42033","Clearfield","Northwest"
"15722","42021","Cambria","Greater Pittsburgh"
"15723","42063","Indiana","Greater Pittsburgh"
"15724","42063","Indiana","Greater Pittsburgh"
"15725","42063","Indiana","Greater Pittsburgh"
"15727","42063","Indiana","Greater Pittsburgh"
"15728","42063","Indiana","Greater Pittsburgh"
"15729","42063","Indiana","Greater Pittsburgh"
"15730","42065","Jefferson","Northwest"
"15731","42063","Indiana","Greater Pittsburgh"
"15732","42063","Indiana","Greater Pittsburgh"
"15733","42065","Jefferson","Northwest"
"15734","42063","Indiana","Greater Pittsburgh"
"15736","42005","Armstrong","Greater Pittsburgh"
"15737","42021","Cambria","Greater Pittsburgh"
"15738","42021","Cambria","Greater Pittsburgh"
"15739","42063","Indiana","Greater Pittsburgh"
"15741","42063","Indiana","Greater Pittsburgh"
"15742","42063","Indiana","Greater Pittsburgh"
"15744","42065","Jefferson","Northwest"
"15745","42063","Indiana","Greater Pittsburgh"
"15746","42063","Indiana","Greater Pittsburgh"
"15747","42063","Indiana","Greater Pittsburgh"
"15748","42063","Indiana","Greater Pittsburgh"
"15750","42063","Indiana","Greater Pittsburgh"
"15752","42063","Indiana","Greater Pittsburgh"
"15753","42033","Clearfield","Northwest"
"15754","42063","Indiana","Greater Pittsburgh"
"15756","42063","Indiana","Greater Pittsburgh"
"15757","42033","Clearfield","Northwest"
"15759","42063","Indiana","Greater Pittsburgh"
"15760","42021","Cambria","Greater Pittsburgh"
"15761","42063","Indiana","Greater Pittsburgh"
"15762","42021","Cambria","Greater Pittsburgh"
"15764","42065","Jefferson","Northwest"
"15765","42063","Indiana","Greater Pittsburgh"
"15767","42065","Jefferson","Northwest"
"15770","42065","Jefferson","Northwest"
"15771","42063","Indiana","Greater Pittsburgh"
"15772","42063","Indiana","Greater Pittsburgh"
"15773","42021","Cambria","Greater Pittsburgh"
"15774","42063","Indiana","Greater Pittsburgh"
"15775","42021","Cambria","Greater Pittsburgh"
"15776","42065","Jefferson","Northwest"
"15777","42063","Indiana","Greater Pittsburgh"
"15778","42065","Jefferson","Northwest"
"15779","42129","Westmoreland","Greater Pittsburgh"
"15780","42065","Jefferson","Northwest"
"15781","42065","Jefferson","Northwest"
"15783","42063","Indiana","Greater Pittsburgh"
"15784","42065","Jefferson","Northwest"
"15801","42033","Clearfield","Northwest"
"15821","42047","Elk","Northwest"
"15823","42047","Elk","Northwest"
"15824","42065","Jefferson","Northwest"
"15825","42065","Jefferson","Northwest"
"15827","42047","Elk","Northwest"
"15828","42065","Jefferson","Northwest"
"15829","42065","Jefferson","Northwest"
"15832","42023","Cameron","Northwest"
"15834","42023","Cameron","Northwest"
"15840","42065","Jefferson","Northwest"
"15841","42047","Elk","Northwest"
"15845","42047","Elk","Northwest"
"15846","42047","Elk","Northwest"
"15847","42065","Jefferson","Northwest"
"15848","42033","Clearfield","Northwest"
"15849","42033","Clearfield","Northwest"
"15851","42065","Jefferson","Northwest"
"15853","42047","Elk","Northwest"
"15856","42033","Clearfield","Northwest"
"15857","42047","Elk","Northwest"
"15860","42065","Jefferson","Northwest"
"15861","42023","Cameron","Northwest"
"15863","42065","Jefferson","Northwest"
"15864","42065","Jefferson","Northwest"
"15865","42065","Jefferson","Northwest"
"15866","42033","Clearfield","Northwest"
"15868","42047","Elk","Northwest"
"15870","42047","Elk","Northwest"
"15901","42021","Cambria","Greater Pittsburgh"
"15902","42021","Cambria","Greater Pittsburgh"
"15904","42021","Cambria","Greater Pittsburgh"
"15905","42021","Cambria","Greater Pittsburgh"
"15906","42021","Cambria","Greater Pittsburgh"
"15909","42021","Cambria","Greater Pittsburgh"
"15920","42063","Indiana","Greater Pittsburgh"
"15921","42021","Cambria","Greater Pittsburgh"
"15922","42021","Cambria","Greater Pittsburgh"
"15923","42129","Westmoreland","Greater Pittsburgh"
"15924","42111","Somerset","Greater Pittsburgh"
"15925","42021","Cambria","Greater Pittsburgh"
"15926","42111","Somerset","Greater Pittsburgh"
"15927","42021","Cambria","Greater Pittsburgh"
"15928","42111","Somerset","Greater Pittsburgh"
"15929","42063","Indiana","Greater Pittsburgh"
"15930","42021","Cambria","Greater Pittsburgh"
"15931","42021","Cambria","Greater Pittsburgh"
"15934","42021","Cambria","Greater Pittsburgh"
"15935","42111","Somerset","Greater Pittsburgh"
"15936","42111","Somerset","Greater Pittsburgh"
"15937","42111","Somerset","Greater Pittsburgh"
"15938","42021","Cambria","Greater Pittsburgh"
"15940","42021","Cambria","Greater Pittsburgh"
"15942","42021","Cambria","Greater Pittsburgh"
"15943","42021","Cambria","Greater Pittsburgh"
"15944","42129","Westmoreland","Greater Pittsburgh"
"15945","42021","Cambria","Greater Pittsburgh"
"15946","42021","Cambria","Greater Pittsburgh"
"15948","42021","Cambria","Greater Pittsburgh"
"15949","42063","Indiana","Greater Pittsburgh"
"15951","42021","Cambria","Greater Pittsburgh"
"15952","42021","Cambria","Greater Pittsburgh"
"15953","42111","Somerset","Greater Pittsburgh"
"15954","42063","Indiana","Greater Pittsburgh"
"15955","42021","Cambria","Greater Pittsburgh"
"15956","42021","Cambria","Greater Pittsburgh"
"15957","42063","Indiana","Greater Pittsburgh"
"15958","42021","Cambria","Greater Pittsburgh"
"15960","42021","Cambria","Greater Pittsburgh"
"15961","42063","Indiana","Greater Pittsburgh"
"15962","42021","Cambria","Greater Pittsburgh"
"15963","42111","Somerset","Greater Pittsburgh"
"16001","42019","Butler","Greater Pittsburgh"
"16002","42019","Butler","Greater Pittsburgh"
"16020","42019","Butler","Greater Pittsburgh"
"16022","42019","Butler","Greater Pittsburgh"
"16023","42019","Butler","Greater Pittsburgh"
"16024","42019","Butler","Greater Pittsburgh"
"16025","42019","Butler","Greater Pittsburgh"
"16027","42019","Butler","Greater Pittsburgh"
"16028","42031","Clarion","Northwest"
"16029","42019","Butler","Greater Pittsburgh"
"16030","42019","Butler","Greater Pittsburgh"
"16033","42019","Butler","Greater Pittsburgh"
"16034","42019","Butler","Greater Pittsburgh"
"16035","42019","Butler","Greater Pittsburgh"
"16036","42031","Clarion","Northwest"
"16037","42019","Butler","Greater Pittsburgh"
"16038","42019","Butler","Greater Pittsburgh"
"16040","42019","Butler","Greater Pittsburgh"
"16041","42019","Butler","Greater Pittsburgh"
"16045","42019","Butler","Greater Pittsburgh"
"16046","42019","Butler","Greater Pittsburgh"
"16048","42019","Butler","Greater Pittsburgh"
"16049","42031","Clarion","Northwest"
"16050","42019","Butler","Greater Pittsburgh"
"16051","42019","Butler","Greater Pittsburgh"
"16052","42019","Butler","Greater Pittsburgh"
"16053","42019","Butler","Greater Pittsburgh"
"16054","42031","Clarion","Northwest"
"16055","42019","Butler","Greater Pittsburgh"
"16056","42019","Butler","Greater Pittsburgh"
"16057","42019","Butler","Greater Pittsburgh"
"16059","42019","Butler","Greater Pittsburgh"
"16061","42019","Butler","Greater Pittsburgh"
"16063","42019","Butler","Greater Pittsburgh"
"16066","42019","Butler","Greater Pittsburgh"
"16101","42073","Lawrence","Greater Pittsburgh"
"16102","42073","Lawrence","Greater Pittsburgh"
"16105","42073","Lawrence","Greater Pittsburgh"
"16110","42039","Crawford","Northwest"
"16111","42039","Crawford","Northwest"
"16112","42073","Lawrence","Greater Pittsburgh"
"16113","42085","Mercer","Northwest"
"16114","42085","Mercer","Northwest"
"16115","42007","Beaver","Greater Pittsburgh"
"16116","42073","Lawrence","Greater Pittsburgh"
"16117","42073","Lawrence","Greater Pittsburgh"
"16120","42073","Lawrence","Greater Pittsburgh"
"16121","42085","Mercer","Northwest"
"16123","42007","Beaver","Greater Pittsburgh"
"16124","42085","Mercer","Northwest"
"16125","42085","Mercer","Northwest"
"16127","42085","Mercer","Northwest"
"16130","42085","Mercer","Northwest"
"16131","42039","Crawford","Northwest"
"16132","42073","Lawrence","Greater Pittsburgh"
"16133","42085","Mercer","Northwest"
"16134","42039","Crawford","Northwest"
"16136","42007","Beaver","Greater Pittsburgh"
"16137","42085","Mercer","Northwest"
"16140","42073","Lawrence","Greater Pittsburgh"
"16141","42073","Lawrence","Greater Pittsburgh"
"16142","42073","Lawrence","Greater Pittsburgh"
"16143","42073","Lawrence","Greater Pittsburgh"
"16145","42085","Mercer","Northwest"
"16146","42085","Mercer","Northwest"
"16148","42085","Mercer","Northwest"
"16150","42085","Mercer","Northwest"
"16151","42085","Mercer","Northwest"
"16153","42085","Mercer","Northwest"
"16154","42085","Mercer","Northwest"
"16155","42073","Lawrence","Greater Pittsburgh"
"16156","42073","Lawrence","Greater Pittsburgh"
"16157","42073","Lawrence","Greater Pittsburgh"
"16159","42085","Mercer","Northwest"
"16160","42073","Lawrence","Greater Pittsburgh"
"16161","42085","Mercer","Northwest"
"16201","42005","Armstrong","Greater Pittsburgh"
"16210","42005","Armstrong","Greater Pittsburgh"
"16211","42063","Indiana","Greater Pittsburgh"
"16212","42005","Armstrong","Greater Pittsburgh"
"16213","42031","Clarion","Northwest"
"16214","42031","Clarion","Northwest"
"16217","42053","Forest","Northwest"
"16218","42005","Armstrong","Greater Pittsburgh"
"16222","42005","Armstrong","Greater Pittsburgh"
"16223","42005","Armstrong","Greater Pittsburgh"
"16224","42031","Clarion","Northwest"
"16226","42005","Armstrong","Greater Pittsburgh"
"16228","42005","Armstrong","Greater Pittsburgh"
"16229","42005","Armstrong","Greater Pittsburgh"
"16230","42031","Clarion","Northwest"
"16232","42031","Clarion","Northwest"
"16233","42031","Clarion","Northwest"
"16235","42031","Clarion","Northwest"
"16236","42005","Armstrong","Greater Pittsburgh"
"16238","42005","Armstrong","Greater Pittsburgh"
"16239","42053","Forest","Northwest"
"16240","42031","Clarion","Northwest"
"16242","42031","Clarion","Northwest"
"16244","42005","Armstrong","Greater Pittsburgh"
"16245","42005","Armstrong","Greater Pittsburgh"
"16246","42063","Indiana","Greater Pittsburgh"
"16248","42031","Clarion","Northwest"
"16249","42005","Armstrong","Greater Pittsburgh"
"16250","42005","Armstrong","Greater Pittsburgh"
"16253","42005","Armstrong","Greater Pittsburgh"
"16254","42031","Clarion","Northwest"
"16255","42031","Clarion","Northwest"
"16256","42063","Indiana","Greater Pittsburgh"
"16258","42031","Clarion","Northwest"
"16259","42005","Armstrong","Greater Pittsburgh"
"16260","42031","Clarion","Northwest"
"16262","42005","Armstrong","Greater Pittsburgh"
"16263","42005","Armstrong","Greater Pittsburgh"
"16301","42121","Venango","Northwest"
"16311","42085","Mercer","Northwest"
"16312","42123","Warren","Northwest"
"16313","42123","Warren","Northwest"
"16314","42039","Crawford","Northwest"
"16316","42039","Crawford","Northwest"
"16317","42121","Venango","Northwest"
"16319","42121","Venango","Northwest"
"16321","42053","Forest","Northwest"
"16322","42053","Forest","Northwest"
"16323","42121","Venango","Northwest"
"16326","42031","Clarion","Northwest"
"16327","42039","Crawford","Northwest"
"16328","42039","Crawford","Northwest"
"16329","42123","Warren","Northwest"
"16331","42031","Clarion","Northwest"
"16332","42031","Clarion","Northwest"
"16333","42083","Mc Kean","Northwest"
"16334","42031","Clarion","Northwest"
"16335","42039","Crawford","Northwest"
"16340","42123","Warren","Northwest"
"16341","42121","Venango","Northwest"
"16342","42121","Venango","Northwest"
"16343","42121","Venango","Northwest"
"16344","42121","Venango","Northwest"
"16345","42123","Warren","Northwest"
"16346","42121","Venango","Northwest"
"16347","42123","Warren","Northwest"
"16350","42123","Warren","Northwest"
"16351","42123","Warren","Northwest"
"16352","42123","Warren","Northwest"
"16353","42053","Forest","Northwest"
"16354","42039","Crawford","Northwest"
"16360","42039","Crawford","Northwest"
"16361","42031","Clarion","Northwest"
"16362","42121","Venango","Northwest"
"16364","42121","Venango","Northwest"
"16365","42123","Warren","Northwest"
"16370","42053","Forest","Northwest"
"16371","42123","Warren","Northwest"
"16372","42121","Venango","Northwest"
"16373","42121","Venango","Northwest"
"16374","42121","Venango","Northwest"
"16401","42049","Erie","Northwest"
"16402","42123","Warren","Northwest"
"16403","42039","Crawford","Northwest"
"16404","42039","Crawford","Northwest"
"16405","42123","Warren","Northwest"
"16406","42039","Crawford","Northwest"
"16407","42049","Erie","Northwest"
"16410","42049","Erie","Northwest"
"16411","42049","Erie","Northwest"
"16412","42049","Erie","Northwest"
"16415","42049","Erie","Northwest"
"16416","42123","Warren","Northwest"
"16417","42049","Erie","Northwest"
"16420","42123","Warren","Northwest"
"16421","42049","Erie","Northwest"
"16422","42039","Crawford","Northwest"
"16423","42049","Erie","Northwest"
"16424","42039","Crawford","Northwest"
"16426","42049","Erie","Northwest"
"16427","42049","Erie","Northwest"
"16428","42049","Erie","Northwest"
"16433","42039","Crawford","Northwest"
"16434","42039","Crawford","Northwest"
"16435","42039","Crawford","Northwest"
"16436","42123","Warren","Northwest"
"16438","42049","Erie","Northwest"
"16440","42039","Crawford","Northwest"
"16441","42049","Erie","Northwest"
"16442","42049","Erie","Northwest"
"16443","42049","Erie","Northwest"
"16444","42049","Erie","Northwest"
"16501","42049","Erie","Northwest"
"16502","42049","Erie","Northwest"
"16503","42049","Erie","Northwest"
"16504","42049","Erie","Northwest"
"16505","42049","Erie","Northwest"
"16506","42049","Erie","Northwest"
"16507","42049","Erie","Northwest"
"16508","42049","Erie","Northwest"
"16509","42049","Erie","Northwest"
"16510","42049","Erie","Northwest"
"16511","42049","Erie","Northwest"
"16546","42049","Erie","Northwest"
"16563","42049","Erie","Northwest"
"16601","42013","Blair","South central"
"16602","42013","Blair","South central"
"16611","42061","Huntingdon","South central"
"16613","42021","Cambria","Greater Pittsburgh"
"16616","42033","Clearfield","Northwest"
"16617","42013","Blair","South central"
"16619","42021","Cambria","Greater Pittsburgh"
"16620","42033","Clearfield","Northwest"
"16621","42061","Huntingdon","South central"
"16622","42061","Huntingdon","South central"
"16623","42061","Huntingdon","South central"
"16624","42021","Cambria","Greater Pittsburgh"
"16625","42013","Blair","South central"
"16627","42033","Clearfield","Northwest"
"16630","42021","Cambria","Greater Pittsburgh"
"16631","42013","Blair","South central"
"16633","42009","Bedford","South central"
"16634","42061","Huntingdon","South central"
"16635","42013","Blair","South central"
"16636","42021","Cambria","Greater Pittsburgh"
"16637","42013","Blair","South central"
"16638","42061","Huntingdon","South central"
"16639","42021","Cambria","Greater Pittsburgh"
"16640","42021","Cambria","Greater Pittsburgh"
"16641","42021","Cambria","Greater Pittsburgh"
"16645","42033","Clearfield","Northwest"
"16646","42021","Cambria","Greater Pittsburgh"
"16647","42061","Huntingdon","South central"
"16648","42013","Blair","South central"
"16650","42009","Bedford","South central"
"16651","42033","Clearfield","Northwest"
"16652","42061","Huntingdon","South central"
"16655","42009","Bedford","South central"
"16656","42033","Clearfield","Northwest"
"16657","42061","Huntingdon","South central"
"16659","42009","Bedford","South central"
"16661","42033","Clearfield","Northwest"
"16662","42013","Blair","South central"
"16664","42009","Bedford","South central"
"16665","42013","Blair","South central"
"16666","42033","Clearfield","Northwest"
"16667","42009","Bedford","South central"
"16668","42021","Cambria","Greater Pittsburgh"
"16669","42061","Huntingdon","South central"
"16670","42009","Bedford","South central"
"16671","42033","Clearfield","Northwest"
"16672","42009","Bedford","South central"
"16673","42013","Blair","South central"
"16674","42061","Huntingdon","South central"
"16677","42027","Centre","North central"
"16678","42009","Bedford","South central"
"16679","42009","Bedford","South central"
"16680","42033","Clearfield","Northwest"
"16682","42013","Blair","South central"
"16683","42061","Huntingdon","South central"
"16685","42061","Huntingdon","South central"
"16686","42013","Blair","South central"
"16689","42057","Fulton","South central"
"16691","42057","Fulton","South central"
"16692","42033","Clearfield","Northwest"
"16693","42013","Blair","South central"
"16694","42009","Bedford","South central"
"16695","42009","Bedford","South central"
"16699","42021","Cambria","Greater Pittsburgh"
"16701","42083","Mc Kean","Northwest"
"16720","42105","Potter","North central"
"16724","42083","Mc Kean","Northwest"
"16725","42083","Mc Kean","Northwest"
"16726","42083","Mc Kean","Northwest"
"16727","42083","Mc Kean","Northwest"
"16728","42047","Elk","Northwest"
"16729","42083","Mc Kean","Northwest"
"16730","42083","Mc Kean","Northwest"
"16731","42083","Mc Kean","Northwest"
"16732","42083","Mc Kean","Northwest"
"16733","42083","Mc Kean","Northwest"
"16734","42047","Elk","Northwest"
"16735","42083","Mc Kean","Northwest"
"16738","42083","Mc Kean","Northwest"
"16740","42083","Mc Kean","Northwest"
"16743","42083","Mc Kean","Northwest"
"16744","42083","Mc Kean","Northwest"
"16745","42083","Mc Kean","Northwest"
"16746","42105","Potter","North central"
"16748","42105","Potter","North central"
"16749","42083","Mc Kean","Northwest"
"16750","42083","Mc Kean","Northwest"
"16801","42027","Centre","North central"
"16802","42027","Centre","North central"
"16803","42027","Centre","North central"
"16820","42027","Centre","North central"
"16821","42033","Clearfield","Northwest"
"16822","42035","Clinton","North central"
"16823","42027","Centre","North central"
"16825","42033","Clearfield","Northwest"
"16826","42027","Centre","North central"
"16827","42027","Centre","North central"
"16828","42027","Centre","North central"
"16829","42027","Centre","North central"
"16830","42033","Clearfield","Northwest"
"16832","42027","Centre","North central"
"16833","42033","Clearfield","Northwest"
"16834","42033","Clearfield","Northwest"
"16835","42027","Centre","North central"
"16836","42033","Clearfield","Northwest"
"16837","42033","Clearfield","Northwest"
"16838","42033","Clearfield","Northwest"
"16839","42033","Clearfield","Northwest"
"16840","42033","Clearfield","Northwest"
"16841","42027","Centre","North central"
"16843","42033","Clearfield","Northwest"
"16844","42027","Centre","North central"
"16845","42033","Clearfield","Northwest"
"16847","42033","Clearfield","Northwest"
"16848","42035","Clinton","North central"
"16849","42033","Clearfield","Northwest"
"16850","42033","Clearfield","Northwest"
"16851","42027","Centre","North central"
"16852","42027","Centre","North central"
"16853","42027","Centre","North central"
"16854","42027","Centre","North central"
"16855","42033","Clearfield","Northwest"
"16858","42033","Clearfield","Northwest"
"16859","42027","Centre","North central"
"16860","42033","Clearfield","Northwest"
"16861","42033","Clearfield","Northwest"
"16863","42033","Clearfield","Northwest"
"16865","42027","Centre","North central"
"16866","42027","Centre","North central"
"16868","42027","Centre","North central"
"16870","42027","Centre","North central"
"16871","42033","Clearfield","Northwest"
"16872","42027","Centre","North central"
"16874","42027","Centre","North central"
"16875","42027","Centre","North central"
"16876","42033","Clearfield","Northwest"
"16877","42061","Huntingdon","South central"
"16878","42033","Clearfield","Northwest"
"16879","42033","Clearfield","Northwest"
"16881","42033","Clearfield","Northwest"
"16882","42027","Centre","North central"
"16901","42117","Tioga","North central"
"16911","42117","Tioga","North central"
"16912","42117","Tioga","North central"
"16914","42015","Bradford","North central"
"16915","42105","Potter","North central"
"16917","42117","Tioga","North central"
"16920","42117","Tioga","North central"
"16921","42117","Tioga","North central"
"16922","42105","Potter","North central"
"16923","42105","Potter","North central"
"16925","42015","Bradford","North central"
"16926","42015","Bradford","North central"
"16927","42105","Potter","North central"
"16928","42117","Tioga","North central"
"16929","42117","Tioga","North central"
"16930","42117","Tioga","North central"
"16932","42117","Tioga","North central"
"16933","42117","Tioga","North central"
"16935","42117","Tioga","North central"
"16936","42117","Tioga","North central"
"16937","42105","Potter","North central"
"16938","42117","Tioga","North central"
"16939","42117","Tioga","North central"
"16940","42117","Tioga","North central"
"16941","42105","Potter","North central"
"16942","42117","Tioga","North central"
"16943","42117","Tioga","North central"
"16946","42117","Tioga","North central"
"16947","42015","Bradford","North central"
"16948","42105","Potter","North central"
"16950","42117","Tioga","North central"
"17002","42087","Mifflin","South central"
"17003","42075","Lebanon","South central"
"17004","42087","Mifflin","South central"
"17005","42043","Dauphin","South central"
"17006","42099","Perry","South central"
"17007","42041","Cumberland","South central"
"17009","42087","Mifflin","South central"
"17010","42075","Lebanon","South central"
"17011","42041","Cumberland","South central"
"17013","42041","Cumberland","South central"
"17015","42041","Cumberland","South central"
"17016","42075","Lebanon","South central"
"17017","42097","Northumberland","North central"
"17018","42043","Dauphin","South central"
"17019","42133","York","South central"
"17020","42099","Perry","South central"
"17021","42067","Juniata","South central"
"17022","42071","Lancaster","Greater Philadelphia"
"17023","42043","Dauphin","South central"
"17024","42099","Perry","South central"
"17025","42041","Cumberland","South central"
"17026","42075","Lebanon","South central"
"17027","42041","Cumberland","South central"
"17028","42043","Dauphin","South central"
"17029","42087","Mifflin","South central"
"17030","42043","Dauphin","South central"
"17032","42043","Dauphin","South central"
"17033","42043","Dauphin","South central"
"17034","42043","Dauphin","South central"
"17035","42067","Juniata","South central"
"17036","42043","Dauphin","South central"
"17037","42099","Perry","South central"
"17038","42075","Lebanon","South central"
"17039","42075","Lebanon","South central"
"17040","42099","Perry","South central"
"17041","42075","Lebanon","South central"
"17042","42075","Lebanon","South central"
"17043","42041","Cumberland","South central"
"17044","42087","Mifflin","South central"
"17045","42099","Perry","South central"
"17046","42075","Lebanon","South central"
"17047","42099","Perry","South central"
"17048","42043","Dauphin","South central"
"17049","42067","Juniata","South central"
"17050","42041","Cumberland","South central"
"17051","42087","Mifflin","South central"
"17052","42061","Huntingdon","South central"
"17053","42099","Perry","South central"
"17055","42041","Cumberland","South central"
"17056","42067","Juniata","South central"
"17057","42043","Dauphin","South central"
"17058","42067","Juniata","South central"
"17059","42067","Juniata","South central"
"17060","42061","Huntingdon","South central"
"17061","42043","Dauphin","South central"
"17062","42099","Perry","South central"
"17063","42087","Mifflin","South central"
"17064","42075","Lebanon","South central"
"17065","42041","Cumberland","South central"
"17066","42061","Huntingdon","South central"
"17067","42075","Lebanon","South central"
"17068","42099","Perry","South central"
"17069","42099","Perry","South central"
"17070","42041","Cumberland","South central"
"17071","42099","Perry","South central"
"17072","42041","Cumberland","South central"
"17073","42075","Lebanon","South central"
"17074","42099","Perry","South central"
"17075","42087","Mifflin","South central"
"17076","42067","Juniata","South central"
"17077","42075","Lebanon","South central"
"17078","42075","Lebanon","South central"
"17080","42043","Dauphin","South central"
"17081","42041","Cumberland","South central"
"17082","42067","Juniata","South central"
"17083","42075","Lebanon","South central"
"17084","42087","Mifflin","South central"
"17086","42067","Juniata","South central"
"17087","42075","Lebanon","South central"
"17088","42075","Lebanon","South central"
"17090","42099","Perry","South central"
"17093","42041","Cumberland","South central"
"17094","42067","Juniata","South central"
"17097","42043","Dauphin","South central"
"17098","42043","Dauphin","South central"
"17099","42087","Mifflin","South central"
"17101","42043","Dauphin","South central"
"17102","42043","Dauphin","South central"
"17103","42043","Dauphin","South central"
"17104","42043","Dauphin","South central"
"17109","42043","Dauphin","South central"
"17110","42043","Dauphin","South central"
"17111","42043","Dauphin","South central"
"17112","42043","Dauphin","South central"
"17113","42043","Dauphin","South central"
"17201","42055","Franklin","South central"
"17202","42055","Franklin","South central"
"17210","42055","Franklin","South central"
"17211","42009","Bedford","South central"
"17212","42057","Fulton","South central"
"17213","42061","Huntingdon","South central"
"17214","42055","Franklin","South central"
"17215","42057","Fulton","South central"
"17217","42055","Franklin","South central"
"17219","42055","Franklin","South central"
"17220","42055","Franklin","South central"
"17221","42055","Franklin","South central"
"17222","42055","Franklin","South central"
"17223","42057","Fulton","South central"
"17224","42055","Franklin","South central"
"17225","42055","Franklin","South central"
"17228","42057","Fulton","South central"
"17229","42057","Fulton","South central"
"17233","42057","Fulton","South central"
"17235","42055","Franklin","South central"
"17236","42055","Franklin","South central"
"17237","42055","Franklin","South central"
"17238","42057","Fulton","South central"
"17239","42061","Huntingdon","South central"
"17240","42041","Cumberland","South central"
"17241","42041","Cumberland","South central"
"17243","42061","Huntingdon","South central"
"17244","42055","Franklin","South central"
"17246","42055","Franklin","South central"
"17247","42055","Franklin","South central"
"17249","42061","Huntingdon","South central"
"17250","42055","Franklin","South central"
"17251","42055","Franklin","South central"
"17252","42055","Franklin","South central"
"17253","42061","Huntingdon","South central"
"17254","42055","Franklin","South central"
"17255","42061","Huntingdon","South central"
"17256","42055","Franklin","South central"
"17257","42041","Cumberland","South central"
"17260","42061","Huntingdon","South central"
"17261","42055","Franklin","South central"
"17262","42055","Franklin","South central"
"17263","42055","Franklin","South central"
"17264","42061","Huntingdon","South central"
"17265","42055","Franklin","South central"
"17266","42041","Cumberland","South central"
"17267","42057","Fulton","South central"
"17268","42055","Franklin","South central"
"17270","42055","Franklin","South central"
"17271","42055","Franklin","South central"
"17272","42055","Franklin","South central"
"17301","42001","Adams","South central"
"17302","42133","York","South central"
"17304","42001","Adams","South central"
"17306","42001","Adams","South central"
"17307","42001","Adams","South central"
"17309","42133","York","South central"
"17311","42133","York","South central"
"17313","42133","York","South central"
"17314","42133","York","South central"
"17315","42133","York","South central"
"17316","42001","Adams","South central"
"17317","42133","York","South central"
"17318","42133","York","South central"
"17319","42133","York","South central"
"17320","42001","Adams","South central"
"17321","42133","York","South central"
"17322","42133","York","South central"
"17324","42041","Cumberland","South central"
"17325","42001","Adams","South central"
"17327","42133","York","South central"
"17329","42133","York","South central"
"17331","42133","York","South central"
"17339","42133","York","South central"
"17340","42001","Adams","South central"
"17343","42001","Adams","South central"
"17344","42001","Adams","South central"
"17345","42133","York","South central"
"17347","42133","York","South central"
"17349","42133","York","South central"
"17350","42001","Adams","South central"
"17352","42133","York","South central"
"17353","42001","Adams","South central"
"17355","42133","York","South central"
"17356","42133","York","South central"
"17360","42133","York","South central"
"17361","42133","York","South central"
"17362","42133","York","South central"
"17363","42133","York","South central"
"17364","42133","York","South central"
"17365","42133","York","South central"
"17366","42133","York","South central"
"17368","42133","York","South central"
"17370","42133","York","South central"
"17371","42133","York","South central"
"17372","42001","Adams","South central"
"17401","42133","York","South central"
"17402","42133","York","South central"
"17403","42133","York","South central"
"17404","42133","York","South central"
"17405","42133","York","South central"
"17406","42133","York","South central"
"17407","42133","York","South central"
"17408","42133","York","South central"
"17501","42071","Lancaster","Greater Philadelphia"
"17502","42071","Lancaster","Greater Philadelphia"
"17505","42071","Lancaster","Greater Philadelphia"
"17507","42071","Lancaster","Greater Philadelphia"
"17508","42071","Lancaster","Greater Philadelphia"
"17509","42071","Lancaster","Greater Philadelphia"
"17512","42071","Lancaster","Greater Philadelphia"
"17516","42071","Lancaster","Greater Philadelphia"
"17517","42071","Lancaster","Greater Philadelphia"
"17518","42071","Lancaster","Greater Philadelphia"
"17519","42071","Lancaster","Greater Philadelphia"
"17520","42071","Lancaster","Greater Philadelphia"
"17522","42071","Lancaster","Greater Philadelphia"
"17527","42071","Lancaster","Greater Philadelphia"
"17529","42071","Lancaster","Greater Philadelphia"
"17532","42071","Lancaster","Greater Philadelphia"
"17535","42071","Lancaster","Greater Philadelphia"
"17536","42071","Lancaster","Greater Philadelphia"
"17538","42071","Lancaster","Greater Philadelphia"
"17540","42071","Lancaster","Greater Philadelphia"
"17543","42071","Lancaster","Greater Philadelphia"
"17545","42071","Lancaster","Greater Philadelphia"
"17547","42071","Lancaster","Greater Philadelphia"
"17550","42071","Lancaster","Greater Philadelphia"
"17551","42071","Lancaster","Greater Philadelphia"
"17552","42071","Lancaster","Greater Philadelphia"
"17554","42071","Lancaster","Greater Philadelphia"
"17555","42071","Lancaster","Greater Philadelphia"
"17557","42071","Lancaster","Greater Philadelphia"
"17560","42071","Lancaster","Greater Philadelphia"
"17562","42071","Lancaster","Greater Philadelphia"
"17563","42071","Lancaster","Greater Philadelphia"
"17565","42071","Lancaster","Greater Philadelphia"
"17566","42071","Lancaster","Greater Philadelphia"
"17569","42071","Lancaster","Greater Philadelphia"
"17570","42071","Lancaster","Greater Philadelphia"
"17572","42071","Lancaster","Greater Philadelphia"
"17576","42071","Lancaster","Greater Philadelphia"
"17578","42071","Lancaster","Greater Philadelphia"
"17579","42071","Lancaster","Greater Philadelphia"
"17581","42071","Lancaster","Greater Philadelphia"
"17582","42071","Lancaster","Greater Philadelphia"
"17584","42071","Lancaster","Greater Philadelphia"
"17601","42071","Lancaster","Greater Philadelphia"
"17602","42071","Lancaster","Greater Philadelphia"
"17603","42071","Lancaster","Greater Philadelphia"
"17606","42071","Lancaster","Greater Philadelphia"
"17701","42081","Lycoming","North central"
"17702","42081","Lycoming","North central"
"17721","42035","Clinton","North central"
"17723","42081","Lycoming","North central"
"17724","42015","Bradford","North central"
"17727","42081","Lycoming","North central"
"17728","42081","Lycoming","North central"
"17729","42035","Clinton","North central"
"17730","42097","Northumberland","North central"
"17731","42113","Sullivan","North central"
"17737","42081","Lycoming","North central"
"17739","42081","Lycoming","North central"
"17740","42081","Lycoming","North central"
"17742","42081","Lycoming","North central"
"17744","42081","Lycoming","North central"
"17745","42035","Clinton","North central"
"17747","42035","Clinton","North central"
"17748","42035","Clinton","North central"
"17749","42097","Northumberland","North central"
"17750","42035","Clinton","North central"
"17751","42035","Clinton","North central"
"17752","42081","Lycoming","North central"
"17754","42081","Lycoming","North central"
"17756","42081","Lycoming","North central"
"17758","42113","Sullivan","North central"
"17760","42035","Clinton","North central"
"17762","42081","Lycoming","North central"
"17763","42081","Lycoming","North central"
"17764","42035","Clinton","North central"
"17765","42117","Tioga","North central"
"17767","42035","Clinton","North central"
"17768","42113","Sullivan","North central"
"17771","42081","Lycoming","North central"
"17772","42097","Northumberland","North central"
"17774","42081","Lycoming","North central"
"17776","42081","Lycoming","North central"
"17777","42097","Northumberland","North central"
"17778","42035","Clinton","North central"
"17779","42035","Clinton","North central"
"17801","42097","Northumberland","North central"
"17810","42119","Union","North central"
"17812","42109","Snyder","North central"
"17813","42109","Snyder","North central"
"17814","42037","Columbia","North central"
"17815","42037","Columbia","North central"
"17820","42037","Columbia","North central"
"17821","42093","Montour","North central"
"17823","42097","Northumberland","North central"
"17824","42097","Northumberland","North central"
"17827","42109","Snyder","North central"
"17829","42119","Union","North central"
"17830","42097","Northumberland","North central"
"17832","42097","Northumberland","North central"
"17834","42097","Northumberland","North central"
"17835","42119","Union","North central"
"17836","42097","Northumberland","North central"
"17837","42119","Union","North central"
"17840","42097","Northumberland","North central"
"17841","42087","Mifflin","South central"
"17842","42109","Snyder","North central"
"17844","42119","Union","North central"
"17845","42119","Union","North central"
"17846","42037","Columbia","North central"
"17847","42097","Northumberland","North central"
"17850","42097","Northumberland","North central"
"17851","42097","Northumberland","North central"
"17853","42109","Snyder","North central"
"17855","42119","Union","North central"
"17856","42119","Union","North central"
"17857","42097","Northumberland","North central"
"17859","42037","Columbia","North central"
"17860","42097","Northumberland","North central"
"17861","42109","Snyder","North central"
"17862","42109","Snyder","North central"
"17864","42109","Snyder","North central"
"17865","42097","Northumberland","North central"
"17866","42097","Northumberland","North central"
"17867","42097","Northumberland","North central"
"17868","42097","Northumberland","North central"
"17870","42109","Snyder","North central"
"17872","42097","Northumberland","North central"
"17876","42109","Snyder","North central"
"17878","42037","Columbia","North central"
"17880","42119","Union","North central"
"17881","42097","Northumberland","North central"
"17884","42093","Montour","North central"
"17885","42119","Union","North central"
"17886","42119","Union","North central"
"17887","42119","Union","North central"
"17888","42037","Columbia","North central"
"17889","42119","Union","North central"
"17901","42107","Schuylkill","Greater Philadelphia"
"17920","42037","Columbia","North central"
"17921","42107","Schuylkill","Greater Philadelphia"
"17922","42107","Schuylkill","Greater Philadelphia"
"17923","42107","Schuylkill","Greater Philadelphia"
"17925","42107","Schuylkill","Greater Philadelphia"
"17929","42107","Schuylkill","Greater Philadelphia"
"17930","42107","Schuylkill","Greater Philadelphia"
"17931","42107","Schuylkill","Greater Philadelphia"
"17933","42107","Schuylkill","Greater Philadelphia"
"17934","42107","Schuylkill","Greater Philadelphia"
"17935","42107","Schuylkill","Greater Philadelphia"
"17936","42107","Schuylkill","Greater Philadelphia"
"17938","42107","Schuylkill","Greater Philadelphia"
"17941","42107","Schuylkill","Greater Philadelphia"
"17943","42107","Schuylkill","Greater Philadelphia"
"17944","42107","Schuylkill","Greater Philadelphia"
"17945","42037","Columbia","North central"
"17946","42107","Schuylkill","Greater Philadelphia"
"17948","42107","Schuylkill","Greater Philadelphia"
"17949","42107","Schuylkill","Greater Philadelphia"
"17951","42107","Schuylkill","Greater Philadelphia"
"17952","42107","Schuylkill","Greater Philadelphia"
"17953","42107","Schuylkill","Greater Philadelphia"
"17954","42107","Schuylkill","Greater Philadelphia"
"17957","42107","Schuylkill","Greater Philadelphia"
"17959","42107","Schuylkill","Greater Philadelphia"
"17960","42107","Schuylkill","Greater Philadelphia"
"17961","42107","Schuylkill","Greater Philadelphia"
"17963","42107","Schuylkill","Greater Philadelphia"
"17964","42107","Schuylkill","Greater Philadelphia"
"17965","42107","Schuylkill","Greater Philadelphia"
"17967","42107","Schuylkill","Greater Philadelphia"
"17968","42107","Schuylkill","Greater Philadelphia"
"17970","42107","Schuylkill","Greater Philadelphia"
"17972","42107","Schuylkill","Greater Philadelphia"
"17974","42107","Schuylkill","Greater Philadelphia"
"17976","42107","Schuylkill","Greater Philadelphia"
"17978","42107","Schuylkill","Greater Philadelphia"
"17979","42107","Schuylkill","Greater Philadelphia"
"17980","42107","Schuylkill","Greater Philadelphia"
"17981","42107","Schuylkill","Greater Philadelphia"
"17982","42107","Schuylkill","Greater Philadelphia"
"17983","42107","Schuylkill","Greater Philadelphia"
"17985","42107","Schuylkill","Greater Philadelphia"
"18001","42095","Northampton","Northeast"
"18011","42077","Lehigh","Northeast"
"18013","42095","Northampton","Northeast"
"18014","42095","Northampton","Northeast"
"18015","42095","Northampton","Northeast"
"18017","42095","Northampton","Northeast"
"18018","42077","Lehigh","Northeast"
"18020","42095","Northampton","Northeast"
"18030","42025","Carbon","Northeast"
"18031","42077","Lehigh","Northeast"
"18032","42077","Lehigh","Northeast"
"18034","42077","Lehigh","Northeast"
"18035","42095","Northampton","Northeast"
"18036","42077","Lehigh","Northeast"
"18037","42077","Lehigh","Northeast"
"18038","42095","Northampton","Northeast"
"18040","42095","Northampton","Northeast"
"18041","42091","Montgomery","Greater Philadelphia"
"18042","42095","Northampton","Northeast"
"18045","42095","Northampton","Northeast"
"18046","42077","Lehigh","Northeast"
"18049","42077","Lehigh","Northeast"
"18051","42077","Lehigh","Northeast"
"18052","42077","Lehigh","Northeast"
"18053","42077","Lehigh","Northeast"
"18054","42091","Montgomery","Greater Philadelphia"
"18055","42095","Northampton","Northeast"
"18056","42011","Berks","Greater Philadelphia"
"18058","42089","Monroe","Northeast"
"18059","42077","Lehigh","Northeast"
"18062","42077","Lehigh","Northeast"
"18063","42095","Northampton","Northeast"
"18064","42095","Northampton","Northeast"
"18066","42077","Lehigh","Northeast"
"18067","42095","Northampton","Northeast"
"18068","42077","Lehigh","Northeast"
"18069","42077","Lehigh","Northeast"
"18070","42091","Montgomery","Greater Philadelphia"
"18071","42025","Carbon","Northeast"
"18072","42095","Northampton","Northeast"
"18073","42091","Montgomery","Greater Philadelphia"
"18074","42091","Montgomery","Greater Philadelphia"
"18076","42091","Montgomery","Greater Philadelphia"
"18077","42017","Bucks","Greater Philadelphia"
"18078","42077","Lehigh","Northeast"
"18079","42077","Lehigh","Northeast"
"18080","42077","Lehigh","Northeast"
"18081","42017","Bucks","Greater Philadelphia"
"18083","42095","Northampton","Northeast"
"18085","42095","Northampton","Northeast"
"18086","42095","Northampton","Northeast"
"18087","42077","Lehigh","Northeast"
"18088","42095","Northampton","Northeast"
"18091","42095","Northampton","Northeast"
"18092","42077","Lehigh","Northeast"
"18101","42077","Lehigh","Northeast"
"18102","42077","Lehigh","Northeast"
"18103","42077","Lehigh","Northeast"
"18104","42077","Lehigh","Northeast"
"18105","42077","Lehigh","Northeast"
"18106","42077","Lehigh","Northeast"
"18109","42077","Lehigh","Northeast"
"18201","42079","Luzerne","Northeast"
"18202","42079","Luzerne","Northeast"
"18210","42025","Carbon","Northeast"
"18211","42107","Schuylkill","Greater Philadelphia"
"18212","42025","Carbon","Northeast"
"18214","42107","Schuylkill","Greater Philadelphia"
"18216","42025","Carbon","Northeast"
"18218","42107","Schuylkill","Greater Philadelphia"
"18219","42079","Luzerne","Northeast"
"18220","42107","Schuylkill","Greater Philadelphia"
"18221","42079","Luzerne","Northeast"
"18222","42079","Luzerne","Northeast"
"18223","42079","Luzerne","Northeast"
"18224","42079","Luzerne","Northeast"
"18225","42079","Luzerne","Northeast"
"18229","42025","Carbon","Northeast"
"18230","42025","Carbon","Northeast"
"18231","42107","Schuylkill","Greater Philadelphia"
"18232","42025","Carbon","Northeast"
"18234","42079","Luzerne","Northeast"
"18235","42025","Carbon","Northeast"
"18237","42107","Schuylkill","Greater Philadelphia"
"18239","42079","Luzerne","Northeast"
"18240","42025","Carbon","Northeast"
"18241","42107","Schuylkill","Greater Philadelphia"
"18242","42107","Schuylkill","Greater Philadelphia"
"18244","42025","Carbon","Northeast"
"18245","42107","Schuylkill","Greater Philadelphia"
"18246","42079","Luzerne","Northeast"
"18248","42107","Schuylkill","Greater Philadelphia"
"18249","42079","Luzerne","Northeast"
"18250","42025","Carbon","Northeast"
"18251","42079","Luzerne","Northeast"
"18252","42107","Schuylkill","Greater Philadelphia"
"18254","42025","Carbon","Northeast"
"18255","42025","Carbon","Northeast"
"18256","42079","Luzerne","Northeast"
"18301","42089","Monroe","Northeast"
"18302","42089","Monroe","Northeast"
"18321","42089","Monroe","Northeast"
"18322","42089","Monroe","Northeast"
"18323","42089","Monroe","Northeast"
"18324","42103","Pike","Northeast"
"18325","42089","Monroe","Northeast"
"18326","42089","Monroe","Northeast"
"18327","42089","Monroe","Northeast"
"18328","42103","Pike","Northeast"
"18330","42089","Monroe","Northeast"
"18331","42089","Monroe","Northeast"
"18332","42089","Monroe","Northeast"
"18333","42089","Monroe","Northeast"
"18334","42089","Monroe","Northeast"
"18335","42089","Monroe","Northeast"
"18336","42103","Pike","Northeast"
"18337","42103","Pike","Northeast"
"18340","42103","Pike","Northeast"
"18342","42089","Monroe","Northeast"
"18343","42095","Northampton","Northeast"
"18344","42089","Monroe","Northeast"
"18346","42089","Monroe","Northeast"
"18347","42089","Monroe","Northeast"
"18349","42089","Monroe","Northeast"
"18350","42089","Monroe","Northeast"
"18351","42095","Northampton","Northeast"
"18352","42089","Monroe","Northeast"
"18353","42089","Monroe","Northeast"
"18354","42089","Monroe","Northeast"
"18355","42089","Monroe","Northeast"
"18356","42089","Monroe","Northeast"
"18357","42089","Monroe","Northeast"
"18360","42089","Monroe","Northeast"
"18370","42089","Monroe","Northeast"
"18371","42103","Pike","Northeast"
"18372","42089","Monroe","Northeast"
"18403","42069","Lackawanna","Northeast"
"18405","42127","Wayne","Northeast"
"18407","42069","Lackawanna","Northeast"
"18411","42069","Lackawanna","Northeast"
"18413","42115","Susquehanna","Northeast"
"18414","42069","Lackawanna","Northeast"
"18415","42127","Wayne","Northeast"
"18417","42127","Wayne","Northeast"
"18419","42131","Wyoming","Northeast"
"18420","42069","Lackawanna","Northeast"
"18421","42115","Susquehanna","Northeast"
"18424","42069","Lackawanna","Northeast"
"18425","42103","Pike","Northeast"
"18426","42103","Pike","Northeast"
"18427","42127","Wayne","Northeast"
"18428","42103","Pike","Northeast"
"18430","42115","Susquehanna","Northeast"
"18431","42127","Wayne","Northeast"
"18433","42069","Lackawanna","Northeast"
"18434","42069","Lackawanna","Northeast"
"18435","42103","Pike","Northeast"
"18436","42127","Wayne","Northeast"
"18437","42127","Wayne","Northeast"
"18438","42127","Wayne","Northeast"
"18439","42127","Wayne","Northeast"
"18441","42115","Susquehanna","Northeast"
"18443","42127","Wayne","Northeast"
"18444","42069","Lackawanna","Northeast"
"18445","42127","Wayne","Northeast"
"18446","42131","Wyoming","Northeast"
"18447","42069","Lackawanna","Northeast"
"18451","42103","Pike","Northeast"
"18452","42069","Lackawanna","Northeast"
"18453","42127","Wayne","Northeast"
"18454","42127","Wayne","Northeast"
"18455","42127","Wayne","Northeast"
"18456","42127","Wayne","Northeast"
"18457","42103","Pike","Northeast"
"18458","42103","Pike","Northeast"
"18459","42127","Wayne","Northeast"
"18460","42127","Wayne","Northeast"
"18461","42127","Wayne","Northeast"
"18462","42127","Wayne","Northeast"
"18463","42127","Wayne","Northeast"
"18464","42103","Pike","Northeast"
"18465","42115","Susquehanna","Northeast"
"18466","42089","Monroe","Northeast"
"18469","42127","Wayne","Northeast"
"18470","42115","Susquehanna","Northeast"
"18471","42069","Lackawanna","Northeast"
"18472","42127","Wayne","Northeast"
"18473","42127","Wayne","Northeast"
"18503","42069","Lackawanna","Northeast"
"18504","42069","Lackawanna","Northeast"
"18505","42069","Lackawanna","Northeast"
"18507","42069","Lackawanna","Northeast"
"18508","42069","Lackawanna","Northeast"
"18509","42069","Lackawanna","Northeast"
"18510","42069","Lackawanna","Northeast"
"18512","42069","Lackawanna","Northeast"
"18517","42069","Lackawanna","Northeast"
"18518","42069","Lackawanna","Northeast"
"18519","42069","Lackawanna","Northeast"
"18602","42079","Luzerne","Northeast"
"18603","42037","Columbia","North central"
"18610","42089","Monroe","Northeast"
"18612","42079","Luzerne","Northeast"
"18614","42113","Sullivan","North central"
"18615","42131","Wyoming","Northeast"
"18616","42113","Sullivan","North central"
"18617","42079","Luzerne","Northeast"
"18618","42079","Luzerne","Northeast"
"18619","42113","Sullivan","North central"
"18621","42079","Luzerne","Northeast"
"18622","42079","Luzerne","Northeast"
"18623","42131","Wyoming","Northeast"
"18624","42025","Carbon","Northeast"
"18625","42131","Wyoming","Northeast"
"18626","42113","Sullivan","North central"
"18628","42113","Sullivan","North central"
"18629","42131","Wyoming","Northeast"
"18630","42131","Wyoming","Northeast"
"18631","42037","Columbia","North central"
"18632","42113","Sullivan","North central"
"18634","42079","Luzerne","Northeast"
"18635","42079","Luzerne","Northeast"
"18636","42131","Wyoming","Northeast"
"18640","42079","Luzerne","Northeast"
"18641","42079","Luzerne","Northeast"
"18642","42079","Luzerne","Northeast"
"18643","42079","Luzerne","Northeast"
"18644","42079","Luzerne","Northeast"
"18651","42079","Luzerne","Northeast"
"18653","42069","Lackawanna","Northeast"
"18655","42079","Luzerne","Northeast"
"18656","42079","Luzerne","Northeast"
"18657","42131","Wyoming","Northeast"
"18660","42079","Luzerne","Northeast"
"18661","42079","Luzerne","Northeast"
"18701","42079","Luzerne","Northeast"
"18702","42079","Luzerne","Northeast"
"18704","42079","Luzerne","Northeast"
"18705","42079","Luzerne","Northeast"
"18706","42079","Luzerne","Northeast"
"18707","42079","Luzerne","Northeast"
"18708","42079","Luzerne","Northeast"
"18709","42079","Luzerne","Northeast"
"18801","42115","Susquehanna","Northeast"
"18810","42015","Bradford","North central"
"18812","42115","Susquehanna","Northeast"
"18814","42015","Bradford","North central"
"18816","42115","Susquehanna","Northeast"
"18817","42015","Bradford","North central"
"18818","42115","Susquehanna","Northeast"
"18821","42115","Susquehanna","Northeast"
"18822","42115","Susquehanna","Northeast"
"18823","42115","Susquehanna","Northeast"
"18824","42115","Susquehanna","Northeast"
"18825","42115","Susquehanna","Northeast"
"18826","42115","Susquehanna","Northeast"
"18828","42115","Susquehanna","Northeast"
"18829","42015","Bradford","North central"
"18830","42115","Susquehanna","Northeast"
"18831","42015","Bradford","North central"
"18832","42015","Bradford","North central"
"18833","42015","Bradford","North central"
"18834","42115","Susquehanna","Northeast"
"18837","42015","Bradford","North central"
"18840","42015","Bradford","North central"
"18842","42115","Susquehanna","Northeast"
"18843","42115","Susquehanna","Northeast"
"18844","42115","Susquehanna","Northeast"
"18845","42015","Bradford","North central"
"18846","42015","Bradford","North central"
"18847","42115","Susquehanna","Northeast"
"18848","42015","Bradford","North central"
"18850","42015","Bradford","North central"
"18851","42015","Bradford","North central"
"18853","42015","Bradford","North central"
"18854","42015","Bradford","North central"
"18901","42017","Bucks","Greater Philadelphia"
"18902","42017","Bucks","Greater Philadelphia"
"18912","42017","Bucks","Greater Philadelphia"
"18913","42017","Bucks","Greater Philadelphia"
"18914","42017","Bucks","Greater Philadelphia"
"18915","42091","Montgomery","Greater Philadelphia"
"18917","42017","Bucks","Greater Philadelphia"
"18920","42017","Bucks","Greater Philadelphia"
"18923","42017","Bucks","Greater Philadelphia"
"18925","42017","Bucks","Greater Philadelphia"
"18929","42017","Bucks","Greater Philadelphia"
"18930","42017","Bucks","Greater Philadelphia"
"18932","42017","Bucks","Greater Philadelphia"
"18935","42017","Bucks","Greater Philadelphia"
"18936","42091","Montgomery","Greater Philadelphia"
"18938","42017","Bucks","Greater Philadelphia"
"18940","42017","Bucks","Greater Philadelphia"
"18942","42017","Bucks","Greater Philadelphia"
"18944","42017","Bucks","Greater Philadelphia"
"18947","42017","Bucks","Greater Philadelphia"
"18950","42017","Bucks","Greater Philadelphia"
"18951","42017","Bucks","Greater Philadelphia"
"18954","42017","Bucks","Greater Philadelphia"
"18955","42017","Bucks","Greater Philadelphia"
"18960","42017","Bucks","Greater Philadelphia"
"18962","42017","Bucks","Greater Philadelphia"
"18964","42091","Montgomery","Greater Philadelphia"
"18966","42017","Bucks","Greater Philadelphia"
"18968","42017","Bucks","Greater Philadelphia"
"18969","42091","Montgomery","Greater Philadelphia"
"18970","42017","Bucks","Greater Philadelphia"
"18972","42017","Bucks","Greater Philadelphia"
"18974","42017","Bucks","Greater Philadelphia"
"18976","42017","Bucks","Greater Philadelphia"
"18977","42017","Bucks","Greater Philadelphia"
"18980","42017","Bucks","Greater Philadelphia"
"19001","42091","Montgomery","Greater Philadelphia"
"19002","42091","Montgomery","Greater Philadelphia"
"19003","42091","Montgomery","Greater Philadelphia"
"19004","42091","Montgomery","Greater Philadelphia"
"19006","42091","Montgomery","Greater Philadelphia"
"19007","42017","Bucks","Greater Philadelphia"
"19008","42045","Delaware","Greater Philadelphia"
"19009","42091","Montgomery","Greater Philadelphia"
"19010","42045","Delaware","Greater Philadelphia"
"19012","42091","Montgomery","Greater Philadelphia"
"19013","42045","Delaware","Greater Philadelphia"
"19014","42045","Delaware","Greater Philadelphia"
"19015","42045","Delaware","Greater Philadelphia"
"19017","42045","Delaware","Greater Philadelphia"
"19018","42045","Delaware","Greater Philadelphia"
"19019","42101","Philadelphia","Greater Philadelphia"
"19020","42017","Bucks","Greater Philadelphia"
"19021","42017","Bucks","Greater Philadelphia"
"19022","42045","Delaware","Greater Philadelphia"
"19023","42045","Delaware","Greater Philadelphia"
"19025","42091","Montgomery","Greater Philadelphia"
"19026","42045","Delaware","Greater Philadelphia"
"19027","42091","Montgomery","Greater Philadelphia"
"19028","42045","Delaware","Greater Philadelphia"
"19029","42045","Delaware","Greater Philadelphia"
"19030","42017","Bucks","Greater Philadelphia"
"19031","42091","Montgomery","Greater Philadelphia"
"19032","42045","Delaware","Greater Philadelphia"
"19033","42045","Delaware","Greater Philadelphia"
"19034","42091","Montgomery","Greater Philadelphia"
"19035","42091","Montgomery","Greater Philadelphia"
"19036","42045","Delaware","Greater Philadelphia"
"19038","42091","Montgomery","Greater Philadelphia"
"19040","42091","Montgomery","Greater Philadelphia"
"19041","42045","Delaware","Greater Philadelphia"
"19043","42045","Delaware","Greater Philadelphia"
"19044","42091","Montgomery","Greater Philadelphia"
"19046","42091","Montgomery","Greater Philadelphia"
"19047","42017","Bucks","Greater Philadelphia"
"19050","42045","Delaware","Greater Philadelphia"
"19053","42017","Bucks","Greater Philadelphia"
"19054","42017","Bucks","Greater Philadelphia"
"19055","42017","Bucks","Greater Philadelphia"
"19056","42017","Bucks","Greater Philadelphia"
"19057","42017","Bucks","Greater Philadelphia"
"19060","42045","Delaware","Greater Philadelphia"
"19061","42045","Delaware","Greater Philadelphia"
"19063","42045","Delaware","Greater Philadelphia"
"19064","42045","Delaware","Greater Philadelphia"
"19066","42091","Montgomery","Greater Philadelphia"
"19067","42017","Bucks","Greater Philadelphia"
"19070","42045","Delaware","Greater Philadelphia"
"19072","42091","Montgomery","Greater Philadelphia"
"19073","42045","Delaware","Greater Philadelphia"
"19074","42045","Delaware","Greater Philadelphia"
"19075","42091","Montgomery","Greater Philadelphia"
"19076","42045","Delaware","Greater Philadelphia"
"19078","42045","Delaware","Greater Philadelphia"
"19079","42045","Delaware","Greater Philadelphia"
"19081","42045","Delaware","Greater Philadelphia"
"19082","42045","Delaware","Greater Philadelphia"
"19083","42045","Delaware","Greater Philadelphia"
"19085","42045","Delaware","Greater Philadelphia"
"19086","42045","Delaware","Greater Philadelphia"
"19087","42029","Chester","Greater Philadelphia"
"19090","42091","Montgomery","Greater Philadelphia"
"19094","42045","Delaware","Greater Philadelphia"
"19095","42091","Montgomery","Greater Philadelphia"
"19096","42091","Montgomery","Greater Philadelphia"
"19102","42101","Philadelphia","Greater Philadelphia"
"19103","42101","Philadelphia","Greater Philadelphia"
"19104","42101","Philadelphia","Greater Philadelphia"
"19105","42101","Philadelphia","Greater Philadelphia"
"19106","42101","Philadelphia","Greater Philadelphia"
"19107","42101","Philadelphia","Greater Philadelphia"
"19111","42101","Philadelphia","Greater Philadelphia"
"19112","42101","Philadelphia","Greater Philadelphia"
"19113","42045","Delaware","Greater Philadelphia"
"19114","42101","Philadelphia","Greater Philadelphia"
"19115","42101","Philadelphia","Greater Philadelphia"
"19116","42101","Philadelphia","Greater Philadelphia"
"19118","42101","Philadelphia","Greater Philadelphia"
"19119","42101","Philadelphia","Greater Philadelphia"
"19120","42101","Philadelphia","Greater Philadelphia"
"19121","42101","Philadelphia","Greater Philadelphia"
"19122","42101","Philadelphia","Greater Philadelphia"
"19123","42101","Philadelphia","Greater Philadelphia"
"19124","42101","Philadelphia","Greater Philadelphia"
"19125","42101","Philadelphia","Greater Philadelphia"
"19126","42101","Philadelphia","Greater Philadelphia"
"19127","42101","Philadelphia","Greater Philadelphia"
"19128","42101","Philadelphia","Greater Philadelphia"
"19129","42101","Philadelphia","Greater Philadelphia"
"19130","42101","Philadelphia","Greater Philadelphia"
"19131","42101","Philadelphia","Greater Philadelphia"
"19132","42101","Philadelphia","Greater Philadelphia"
"19133","42101","Philadelphia","Greater Philadelphia"
"19134","42101","Philadelphia","Greater Philadelphia"
"19135","42101","Philadelphia","Greater Philadelphia"
"19136","42101","Philadelphia","Greater Philadelphia"
"19137","42101","Philadelphia","Greater Philadelphia"
"19138","42101","Philadelphia","Greater Philadelphia"
"19139","42101","Philadelphia","Greater Philadelphia"
"19140","42101","Philadelphia","Greater Philadelphia"
"19141","42101","Philadelphia","Greater Philadelphia"
"19142","42101","Philadelphia","Greater Philadelphia"
"19143","42101","Philadelphia","Greater Philadelphia"
"19144","42101","Philadelphia","Greater Philadelphia"
"19145","42101","Philadelphia","Greater Philadelphia"
"19146","42101","Philadelphia","Greater Philadelphia"
"19147","42101","Philadelphia","Greater Philadelphia"
"19148","42101","Philadelphia","Greater Philadelphia"
"19149","42101","Philadelphia","Greater Philadelphia"
"19150","42101","Philadelphia","Greater Philadelphia"
"19151","42101","Philadelphia","Greater Philadelphia"
"19152","42101","Philadelphia","Greater Philadelphia"
"19153","42101","Philadelphia","Greater Philadelphia"
"19154","42101","Philadelphia","Greater Philadelphia"
"19155","42101","Philadelphia","Greater Philadelphia"
"19301","42029","Chester","Greater Philadelphia"
"19310","42029","Chester","Greater Philadelphia"
"19311","42029","Chester","Greater Philadelphia"
"19312","42029","Chester","Greater Philadelphia"
"19316","42029","Chester","Greater Philadelphia"
"19317","42045","Delaware","Greater Philadelphia"
"19319","42045","Delaware","Greater Philadelphia"
"19320","42029","Chester","Greater Philadelphia"
"19330","42029","Chester","Greater Philadelphia"
"19333","42029","Chester","Greater Philadelphia"
"19335","42029","Chester","Greater Philadelphia"
"19341","42029","Chester","Greater Philadelphia"
"19342","42045","Delaware","Greater Philadelphia"
"19343","42029","Chester","Greater Philadelphia"
"19344","42029","Chester","Greater Philadelphia"
"19345","42029","Chester","Greater Philadelphia"
"19348","42029","Chester","Greater Philadelphia"
"19350","42029","Chester","Greater Philadelphia"
"19352","42029","Chester","Greater Philadelphia"
"19355","42029","Chester","Greater Philadelphia"
"19358","42029","Chester","Greater Philadelphia"
"19362","42029","Chester","Greater Philadelphia"
"19363","42029","Chester","Greater Philadelphia"
"19365","42029","Chester","Greater Philadelphia"
"19367","42029","Chester","Greater Philadelphia"
"19372","42029","Chester","Greater Philadelphia"
"19373","42045","Delaware","Greater Philadelphia"
"19374","42029","Chester","Greater Philadelphia"
"19375","42029","Chester","Greater Philadelphia"
"19380","42029","Chester","Greater Philadelphia"
"19382","42029","Chester","Greater Philadelphia"
"19383","42029","Chester","Greater Philadelphia"
"19390","42029","Chester","Greater Philadelphia"
"19401","42091","Montgomery","Greater Philadelphia"
"19403","42091","Montgomery","Greater Philadelphia"
"19405","42091","Montgomery","Greater Philadelphia"
"19406","42091","Montgomery","Greater Philadelphia"
"19422","42091","Montgomery","Greater Philadelphia"
"19425","42029","Chester","Greater Philadelphia"
"19426","42091","Montgomery","Greater Philadelphia"
"19428","42091","Montgomery","Greater Philadelphia"
"19435","42091","Montgomery","Greater Philadelphia"
"19436","42091","Montgomery","Greater Philadelphia"
"19437","42091","Montgomery","Greater Philadelphia"
"19438","42091","Montgomery","Greater Philadelphia"
"19440","42091","Montgomery","Greater Philadelphia"
"19442","42029","Chester","Greater Philadelphia"
"19444","42091","Montgomery","Greater Philadelphia"
"19446","42091","Montgomery","Greater Philadelphia"
"19453","42091","Montgomery","Greater Philadelphia"
"19454","42091","Montgomery","Greater Philadelphia"
"19456","42091","Montgomery","Greater Philadelphia"
"19457","42029","Chester","Greater Philadelphia"
"19460","42029","Chester","Greater Philadelphia"
"19462","42091","Montgomery","Greater Philadelphia"
"19464","42091","Montgomery","Greater Philadelphia"
"19465","42029","Chester","Greater Philadelphia"
"19468","42091","Montgomery","Greater Philadelphia"
"19472","42091","Montgomery","Greater Philadelphia"
"19473","42091","Montgomery","Greater Philadelphia"
"19474","42091","Montgomery","Greater Philadelphia"
"19475","42029","Chester","Greater Philadelphia"
"19477","42091","Montgomery","Greater Philadelphia"
"19486","42091","Montgomery","Greater Philadelphia"
"19492","42091","Montgomery","Greater Philadelphia"
"19501","42071","Lancaster","Greater Philadelphia"
"19503","42011","Berks","Greater Philadelphia"
"19504","42011","Berks","Greater Philadelphia"
"19505","42011","Berks","Greater Philadelphia"
"19506","42011","Berks","Greater Philadelphia"
"19507","42011","Berks","Greater Philadelphia"
"19508","42011","Berks","Greater Philadelphia"
"19510","42011","Berks","Greater Philadelphia"
"19511","42011","Berks","Greater Philadelphia"
"19512","42011","Berks","Greater Philadelphia"
"19518","42011","Berks","Greater Philadelphia"
"19519","42011","Berks","Greater Philadelphia"
"19520","42029","Chester","Greater Philadelphia"
"19522","42011","Berks","Greater Philadelphia"
"19523","42011","Berks","Greater Philadelphia"
"19525","42091","Montgomery","Greater Philadelphia"
"19526","42011","Berks","Greater Philadelphia"
"19529","42011","Berks","Greater Philadelphia"
"19530","42011","Berks","Greater Philadelphia"
"19533","42011","Berks","Greater Philadelphia"
"19534","42011","Berks","Greater Philadelphia"
"19535","42011","Berks","Greater Philadelphia"
"19536","42011","Berks","Greater Philadelphia"
"19538","42011","Berks","Greater Philadelphia"
"19539","42011","Berks","Greater Philadelphia"
"19540","42011","Berks","Greater Philadelphia"
"19541","42011","Berks","Greater Philadelphia"
"19542","42011","Berks","Greater Philadelphia"
"19543","42011","Berks","Greater Philadelphia"
"19544","42011","Berks","Greater Philadelphia"
"19545","42011","Berks","Greater Philadelphia"
"19547","42011","Berks","Greater Philadelphia"
"19549","42107","Schuylkill","Greater Philadelphia"
"19550","42011","Berks","Greater Philadelphia"
"19551","42011","Berks","Greater Philadelphia"
"19554","42011","Berks","Greater Philadelphia"
"19555","42011","Berks","Greater Philadelphia"
"19559","42011","Berks","Greater Philadelphia"
"19560","42011","Berks","Greater Philadelphia"
"19562","42011","Berks","Greater Philadelphia"
"19564","42011","Berks","Greater Philadelphia"
"19565","42011","Berks","Greater Philadelphia"
"19567","42011","Berks","Greater Philadelphia"
"19601","42011","Berks","Greater Philadelphia"
"19602","42011","Berks","Greater Philadelphia"
"19604","42011","Berks","Greater Philadelphia"
"19605","42011","Berks","Greater Philadelphia"
"19606","42011","Berks","Greater Philadelphia"
"19607","42011","Berks","Greater Philadelphia"
"19608","42011","Berks","Greater Philadelphia"
"19609","42011","Berks","Greater Philadelphia"
"19610","42011","Berks","Greater Philadelphia"
"19611","42011","Berks","Greater Philadelphia"
